date_id,date,year,Month,day,quarter,weekday,workweeknum,USERNAME,INSERT_TIME
1001,2021-01-01,2021,1,1,1,7,53,prathamesh,2025-02-26 16:04:25
1002,2021-01-02,2021,1,2,1,1,1,prathamesh,2025-02-26 16:04:25
1003,2021-01-03,2021,1,3,1,2,1,prathamesh,2025-02-26 16:04:25
1004,2021-01-04,2021,1,4,1,3,1,prathamesh,2025-02-26 16:04:25
1005,2021-01-05,2021,1,5,1,4,1,prathamesh,2025-02-26 16:04:25
1006,2021-01-06,2021,1,6,1,5,1,prathamesh,2025-02-26 16:04:25
1007,2021-01-07,2021,1,7,1,6,1,prathamesh,2025-02-26 16:04:25
1008,2021-01-08,2021,1,8,1,7,1,prathamesh,2025-02-26 16:04:25
1009,2021-01-09,2021,1,9,1,1,2,prathamesh,2025-02-26 16:04:25
1010,2021-01-10,2021,1,10,1,2,2,prathamesh,2025-02-26 16:04:25
1011,2021-01-11,2021,1,11,1,3,2,prathamesh,2025-02-26 16:04:25
1012,2021-01-12,2021,1,12,1,4,2,prathamesh,2025-02-26 16:04:25
1013,2021-01-13,2021,1,13,1,5,2,prathamesh,2025-02-26 16:04:25
1014,2021-01-14,2021,1,14,1,6,2,prathamesh,2025-02-26 16:04:25
1015,2021-01-15,2021,1,15,1,7,2,prathamesh,2025-02-26 16:04:25
1016,2021-01-16,2021,1,16,1,1,3,prathamesh,2025-02-26 16:04:25
1017,2021-01-17,2021,1,17,1,2,3,prathamesh,2025-02-26 16:04:25
1018,2021-01-18,2021,1,18,1,3,3,prathamesh,2025-02-26 16:04:25
1019,2021-01-19,2021,1,19,1,4,3,prathamesh,2025-02-26 16:04:25
1020,2021-01-20,2021,1,20,1,5,3,prathamesh,2025-02-26 16:04:25
1021,2021-01-21,2021,1,21,1,6,3,prathamesh,2025-02-26 16:04:25
1022,2021-01-22,2021,1,22,1,7,3,prathamesh,2025-02-26 16:04:25
1023,2021-01-23,2021,1,23,1,1,4,prathamesh,2025-02-26 16:04:25
1024,2021-01-24,2021,1,24,1,2,4,prathamesh,2025-02-26 16:04:25
1025,2021-01-25,2021,1,25,1,3,4,prathamesh,2025-02-26 16:04:25
1026,2021-01-26,2021,1,26,1,4,4,prathamesh,2025-02-26 16:04:25
1027,2021-01-27,2021,1,27,1,5,4,prathamesh,2025-02-26 16:04:25
1028,2021-01-28,2021,1,28,1,6,4,prathamesh,2025-02-26 16:04:25
1029,2021-01-29,2021,1,29,1,7,4,prathamesh,2025-02-26 16:04:25
1030,2021-01-30,2021,1,30,1,1,5,prathamesh,2025-02-26 16:04:25
1031,2021-01-31,2021,1,31,1,2,5,prathamesh,2025-02-26 16:04:25
1032,2021-02-01,2021,2,1,1,3,5,prathamesh,2025-02-26 16:04:25
1033,2021-02-02,2021,2,2,1,4,5,prathamesh,2025-02-26 16:04:25
1034,2021-02-03,2021,2,3,1,5,5,prathamesh,2025-02-26 16:04:25
1035,2021-02-04,2021,2,4,1,6,5,prathamesh,2025-02-26 16:04:25
1036,2021-02-05,2021,2,5,1,7,5,prathamesh,2025-02-26 16:04:25
1037,2021-02-06,2021,2,6,1,1,6,prathamesh,2025-02-26 16:04:25
1038,2021-02-07,2021,2,7,1,2,6,prathamesh,2025-02-26 16:04:25
1039,2021-02-08,2021,2,8,1,3,6,prathamesh,2025-02-26 16:04:25
1040,2021-02-09,2021,2,9,1,4,6,prathamesh,2025-02-26 16:04:25
1041,2021-02-10,2021,2,10,1,5,6,prathamesh,2025-02-26 16:04:25
1042,2021-02-11,2021,2,11,1,6,6,prathamesh,2025-02-26 16:04:25
1043,2021-02-12,2021,2,12,1,7,6,prathamesh,2025-02-26 16:04:25
1044,2021-02-13,2021,2,13,1,1,7,prathamesh,2025-02-26 16:04:25
1045,2021-02-14,2021,2,14,1,2,7,prathamesh,2025-02-26 16:04:25
1046,2021-02-15,2021,2,15,1,3,7,prathamesh,2025-02-26 16:04:25
1047,2021-02-16,2021,2,16,1,4,7,prathamesh,2025-02-26 16:04:25
1048,2021-02-17,2021,2,17,1,5,7,prathamesh,2025-02-26 16:04:25
1049,2021-02-18,2021,2,18,1,6,7,prathamesh,2025-02-26 16:04:25
1050,2021-02-19,2021,2,19,1,7,7,prathamesh,2025-02-26 16:04:25
1051,2021-02-20,2021,2,20,1,1,8,prathamesh,2025-02-26 16:04:25
1052,2021-02-21,2021,2,21,1,2,8,prathamesh,2025-02-26 16:04:25
1053,2021-02-22,2021,2,22,1,3,8,prathamesh,2025-02-26 16:04:25
1054,2021-02-23,2021,2,23,1,4,8,prathamesh,2025-02-26 16:04:25
1055,2021-02-24,2021,2,24,1,5,8,prathamesh,2025-02-26 16:04:25
1056,2021-02-25,2021,2,25,1,6,8,prathamesh,2025-02-26 16:04:25
1057,2021-02-26,2021,2,26,1,7,8,prathamesh,2025-02-26 16:04:25
1058,2021-02-27,2021,2,27,1,1,9,prathamesh,2025-02-26 16:04:25
1059,2021-02-28,2021,2,28,1,2,9,prathamesh,2025-02-26 16:04:25
1060,2021-03-01,2021,3,1,1,3,9,prathamesh,2025-02-26 16:04:25
1061,2021-03-02,2021,3,2,1,4,9,prathamesh,2025-02-26 16:04:25
1062,2021-03-03,2021,3,3,1,5,9,prathamesh,2025-02-26 16:04:25
1063,2021-03-04,2021,3,4,1,6,9,prathamesh,2025-02-26 16:04:25
1064,2021-03-05,2021,3,5,1,7,9,prathamesh,2025-02-26 16:04:25
1065,2021-03-06,2021,3,6,1,1,10,prathamesh,2025-02-26 16:04:25
1066,2021-03-07,2021,3,7,1,2,10,prathamesh,2025-02-26 16:04:25
1067,2021-03-08,2021,3,8,1,3,10,prathamesh,2025-02-26 16:04:25
1068,2021-03-09,2021,3,9,1,4,10,prathamesh,2025-02-26 16:04:25
1069,2021-03-10,2021,3,10,1,5,10,prathamesh,2025-02-26 16:04:25
1070,2021-03-11,2021,3,11,1,6,10,prathamesh,2025-02-26 16:04:25
1071,2021-03-12,2021,3,12,1,7,10,prathamesh,2025-02-26 16:04:25
1072,2021-03-13,2021,3,13,1,1,11,prathamesh,2025-02-26 16:04:25
1073,2021-03-14,2021,3,14,1,2,11,prathamesh,2025-02-26 16:04:25
1074,2021-03-15,2021,3,15,1,3,11,prathamesh,2025-02-26 16:04:25
1075,2021-03-16,2021,3,16,1,4,11,prathamesh,2025-02-26 16:04:25
1076,2021-03-17,2021,3,17,1,5,11,prathamesh,2025-02-26 16:04:25
1077,2021-03-18,2021,3,18,1,6,11,prathamesh,2025-02-26 16:04:25
1078,2021-03-19,2021,3,19,1,7,11,prathamesh,2025-02-26 16:04:25
1079,2021-03-20,2021,3,20,1,1,12,prathamesh,2025-02-26 16:04:25
1080,2021-03-21,2021,3,21,1,2,12,prathamesh,2025-02-26 16:04:25
1081,2021-03-22,2021,3,22,1,3,12,prathamesh,2025-02-26 16:04:25
1082,2021-03-23,2021,3,23,1,4,12,prathamesh,2025-02-26 16:04:25
1083,2021-03-24,2021,3,24,1,5,12,prathamesh,2025-02-26 16:04:25
1084,2021-03-25,2021,3,25,1,6,12,prathamesh,2025-02-26 16:04:25
1085,2021-03-26,2021,3,26,1,7,12,prathamesh,2025-02-26 16:04:25
1086,2021-03-27,2021,3,27,1,1,13,prathamesh,2025-02-26 16:04:25
1087,2021-03-28,2021,3,28,1,2,13,prathamesh,2025-02-26 16:04:25
1088,2021-03-29,2021,3,29,1,3,13,prathamesh,2025-02-26 16:04:25
1089,2021-03-30,2021,3,30,1,4,13,prathamesh,2025-02-26 16:04:25
1090,2021-03-31,2021,3,31,1,5,13,prathamesh,2025-02-26 16:04:25
1091,2021-04-01,2021,4,1,2,6,13,prathamesh,2025-02-26 16:04:25
1092,2021-04-02,2021,4,2,2,7,13,prathamesh,2025-02-26 16:04:25
1093,2021-04-03,2021,4,3,2,1,14,prathamesh,2025-02-26 16:04:25
1094,2021-04-04,2021,4,4,2,2,14,prathamesh,2025-02-26 16:04:25
1095,2021-04-05,2021,4,5,2,3,14,prathamesh,2025-02-26 16:04:25
1096,2021-04-06,2021,4,6,2,4,14,prathamesh,2025-02-26 16:04:25
1097,2021-04-07,2021,4,7,2,5,14,prathamesh,2025-02-26 16:04:25
1098,2021-04-08,2021,4,8,2,6,14,prathamesh,2025-02-26 16:04:25
1099,2021-04-09,2021,4,9,2,7,14,prathamesh,2025-02-26 16:04:25
1100,2021-04-10,2021,4,10,2,1,15,prathamesh,2025-02-26 16:04:25
1101,2021-04-11,2021,4,11,2,2,15,prathamesh,2025-02-26 16:04:25
1102,2021-04-12,2021,4,12,2,3,15,prathamesh,2025-02-26 16:04:25
1103,2021-04-13,2021,4,13,2,4,15,prathamesh,2025-02-26 16:04:25
1104,2021-04-14,2021,4,14,2,5,15,prathamesh,2025-02-26 16:04:25
1105,2021-04-15,2021,4,15,2,6,15,prathamesh,2025-02-26 16:04:25
1106,2021-04-16,2021,4,16,2,7,15,prathamesh,2025-02-26 16:04:25
1107,2021-04-17,2021,4,17,2,1,16,prathamesh,2025-02-26 16:04:25
1108,2021-04-18,2021,4,18,2,2,16,prathamesh,2025-02-26 16:04:25
1109,2021-04-19,2021,4,19,2,3,16,prathamesh,2025-02-26 16:04:25
1110,2021-04-20,2021,4,20,2,4,16,prathamesh,2025-02-26 16:04:25
1111,2021-04-21,2021,4,21,2,5,16,prathamesh,2025-02-26 16:04:25
1112,2021-04-22,2021,4,22,2,6,16,prathamesh,2025-02-26 16:04:25
1113,2021-04-23,2021,4,23,2,7,16,prathamesh,2025-02-26 16:04:25
1114,2021-04-24,2021,4,24,2,1,17,prathamesh,2025-02-26 16:04:25
1115,2021-04-25,2021,4,25,2,2,17,prathamesh,2025-02-26 16:04:25
1116,2021-04-26,2021,4,26,2,3,17,prathamesh,2025-02-26 16:04:25
1117,2021-04-27,2021,4,27,2,4,17,prathamesh,2025-02-26 16:04:25
1118,2021-04-28,2021,4,28,2,5,17,prathamesh,2025-02-26 16:04:25
1119,2021-04-29,2021,4,29,2,6,17,prathamesh,2025-02-26 16:04:25
1120,2021-04-30,2021,4,30,2,7,17,prathamesh,2025-02-26 16:04:25
1121,2021-05-01,2021,5,1,2,1,18,prathamesh,2025-02-26 16:04:25
1122,2021-05-02,2021,5,2,2,2,18,prathamesh,2025-02-26 16:04:25
1123,2021-05-03,2021,5,3,2,3,18,prathamesh,2025-02-26 16:04:25
1124,2021-05-04,2021,5,4,2,4,18,prathamesh,2025-02-26 16:04:25
1125,2021-05-05,2021,5,5,2,5,18,prathamesh,2025-02-26 16:04:25
1126,2021-05-06,2021,5,6,2,6,18,prathamesh,2025-02-26 16:04:25
1127,2021-05-07,2021,5,7,2,7,18,prathamesh,2025-02-26 16:04:25
1128,2021-05-08,2021,5,8,2,1,19,prathamesh,2025-02-26 16:04:25
1129,2021-05-09,2021,5,9,2,2,19,prathamesh,2025-02-26 16:04:25
1130,2021-05-10,2021,5,10,2,3,19,prathamesh,2025-02-26 16:04:25
1131,2021-05-11,2021,5,11,2,4,19,prathamesh,2025-02-26 16:04:25
1132,2021-05-12,2021,5,12,2,5,19,prathamesh,2025-02-26 16:04:25
1133,2021-05-13,2021,5,13,2,6,19,prathamesh,2025-02-26 16:04:25
1134,2021-05-14,2021,5,14,2,7,19,prathamesh,2025-02-26 16:04:25
1135,2021-05-15,2021,5,15,2,1,20,prathamesh,2025-02-26 16:04:25
1136,2021-05-16,2021,5,16,2,2,20,prathamesh,2025-02-26 16:04:25
1137,2021-05-17,2021,5,17,2,3,20,prathamesh,2025-02-26 16:04:25
1138,2021-05-18,2021,5,18,2,4,20,prathamesh,2025-02-26 16:04:25
1139,2021-05-19,2021,5,19,2,5,20,prathamesh,2025-02-26 16:04:25
1140,2021-05-20,2021,5,20,2,6,20,prathamesh,2025-02-26 16:04:25
1141,2021-05-21,2021,5,21,2,7,20,prathamesh,2025-02-26 16:04:25
1142,2021-05-22,2021,5,22,2,1,21,prathamesh,2025-02-26 16:04:25
1143,2021-05-23,2021,5,23,2,2,21,prathamesh,2025-02-26 16:04:25
1144,2021-05-24,2021,5,24,2,3,21,prathamesh,2025-02-26 16:04:25
1145,2021-05-25,2021,5,25,2,4,21,prathamesh,2025-02-26 16:04:25
1146,2021-05-26,2021,5,26,2,5,21,prathamesh,2025-02-26 16:04:25
1147,2021-05-27,2021,5,27,2,6,21,prathamesh,2025-02-26 16:04:25
1148,2021-05-28,2021,5,28,2,7,21,prathamesh,2025-02-26 16:04:25
1149,2021-05-29,2021,5,29,2,1,22,prathamesh,2025-02-26 16:04:25
1150,2021-05-30,2021,5,30,2,2,22,prathamesh,2025-02-26 16:04:25
1151,2021-05-31,2021,5,31,2,3,22,prathamesh,2025-02-26 16:04:25
1152,2021-06-01,2021,6,1,2,4,22,prathamesh,2025-02-26 16:04:25
1153,2021-06-02,2021,6,2,2,5,22,prathamesh,2025-02-26 16:04:25
1154,2021-06-03,2021,6,3,2,6,22,prathamesh,2025-02-26 16:04:25
1155,2021-06-04,2021,6,4,2,7,22,prathamesh,2025-02-26 16:04:25
1156,2021-06-05,2021,6,5,2,1,23,prathamesh,2025-02-26 16:04:25
1157,2021-06-06,2021,6,6,2,2,23,prathamesh,2025-02-26 16:04:25
1158,2021-06-07,2021,6,7,2,3,23,prathamesh,2025-02-26 16:04:25
1159,2021-06-08,2021,6,8,2,4,23,prathamesh,2025-02-26 16:04:25
1160,2021-06-09,2021,6,9,2,5,23,prathamesh,2025-02-26 16:04:25
1161,2021-06-10,2021,6,10,2,6,23,prathamesh,2025-02-26 16:04:25
1162,2021-06-11,2021,6,11,2,7,23,prathamesh,2025-02-26 16:04:25
1163,2021-06-12,2021,6,12,2,1,24,prathamesh,2025-02-26 16:04:25
1164,2021-06-13,2021,6,13,2,2,24,prathamesh,2025-02-26 16:04:25
1165,2021-06-14,2021,6,14,2,3,24,prathamesh,2025-02-26 16:04:25
1166,2021-06-15,2021,6,15,2,4,24,prathamesh,2025-02-26 16:04:25
1167,2021-06-16,2021,6,16,2,5,24,prathamesh,2025-02-26 16:04:25
1168,2021-06-17,2021,6,17,2,6,24,prathamesh,2025-02-26 16:04:25
1169,2021-06-18,2021,6,18,2,7,24,prathamesh,2025-02-26 16:04:25
1170,2021-06-19,2021,6,19,2,1,25,prathamesh,2025-02-26 16:04:25
1171,2021-06-20,2021,6,20,2,2,25,prathamesh,2025-02-26 16:04:25
1172,2021-06-21,2021,6,21,2,3,25,prathamesh,2025-02-26 16:04:25
1173,2021-06-22,2021,6,22,2,4,25,prathamesh,2025-02-26 16:04:25
1174,2021-06-23,2021,6,23,2,5,25,prathamesh,2025-02-26 16:04:25
1175,2021-06-24,2021,6,24,2,6,25,prathamesh,2025-02-26 16:04:25
1176,2021-06-25,2021,6,25,2,7,25,prathamesh,2025-02-26 16:04:25
1177,2021-06-26,2021,6,26,2,1,26,prathamesh,2025-02-26 16:04:25
1178,2021-06-27,2021,6,27,2,2,26,prathamesh,2025-02-26 16:04:25
1179,2021-06-28,2021,6,28,2,3,26,prathamesh,2025-02-26 16:04:25
1180,2021-06-29,2021,6,29,2,4,26,prathamesh,2025-02-26 16:04:25
1181,2021-06-30,2021,6,30,2,5,26,prathamesh,2025-02-26 16:04:25
1182,2021-07-01,2021,7,1,3,6,26,prathamesh,2025-02-26 16:04:25
1183,2021-07-02,2021,7,2,3,7,26,prathamesh,2025-02-26 16:04:25
1184,2021-07-03,2021,7,3,3,1,27,prathamesh,2025-02-26 16:04:25
1185,2021-07-04,2021,7,4,3,2,27,prathamesh,2025-02-26 16:04:25
1186,2021-07-05,2021,7,5,3,3,27,prathamesh,2025-02-26 16:04:25
1187,2021-07-06,2021,7,6,3,4,27,prathamesh,2025-02-26 16:04:25
1188,2021-07-07,2021,7,7,3,5,27,prathamesh,2025-02-26 16:04:25
1189,2021-07-08,2021,7,8,3,6,27,prathamesh,2025-02-26 16:04:25
1190,2021-07-09,2021,7,9,3,7,27,prathamesh,2025-02-26 16:04:25
1191,2021-07-10,2021,7,10,3,1,28,prathamesh,2025-02-26 16:04:25
1192,2021-07-11,2021,7,11,3,2,28,prathamesh,2025-02-26 16:04:25
1193,2021-07-12,2021,7,12,3,3,28,prathamesh,2025-02-26 16:04:25
1194,2021-07-13,2021,7,13,3,4,28,prathamesh,2025-02-26 16:04:25
1195,2021-07-14,2021,7,14,3,5,28,prathamesh,2025-02-26 16:04:25
1196,2021-07-15,2021,7,15,3,6,28,prathamesh,2025-02-26 16:04:25
1197,2021-07-16,2021,7,16,3,7,28,prathamesh,2025-02-26 16:04:25
1198,2021-07-17,2021,7,17,3,1,29,prathamesh,2025-02-26 16:04:25
1199,2021-07-18,2021,7,18,3,2,29,prathamesh,2025-02-26 16:04:25
1200,2021-07-19,2021,7,19,3,3,29,prathamesh,2025-02-26 16:04:25
1201,2021-07-20,2021,7,20,3,4,29,prathamesh,2025-02-26 16:04:25
1202,2021-07-21,2021,7,21,3,5,29,prathamesh,2025-02-26 16:04:25
1203,2021-07-22,2021,7,22,3,6,29,prathamesh,2025-02-26 16:04:25
1204,2021-07-23,2021,7,23,3,7,29,prathamesh,2025-02-26 16:04:25
1205,2021-07-24,2021,7,24,3,1,30,prathamesh,2025-02-26 16:04:25
1206,2021-07-25,2021,7,25,3,2,30,prathamesh,2025-02-26 16:04:25
1207,2021-07-26,2021,7,26,3,3,30,prathamesh,2025-02-26 16:04:25
1208,2021-07-27,2021,7,27,3,4,30,prathamesh,2025-02-26 16:04:25
1209,2021-07-28,2021,7,28,3,5,30,prathamesh,2025-02-26 16:04:25
1210,2021-07-29,2021,7,29,3,6,30,prathamesh,2025-02-26 16:04:25
1211,2021-07-30,2021,7,30,3,7,30,prathamesh,2025-02-26 16:04:25
1212,2021-07-31,2021,7,31,3,1,31,prathamesh,2025-02-26 16:04:25
1213,2021-08-01,2021,8,1,3,2,31,prathamesh,2025-02-26 16:04:25
1214,2021-08-02,2021,8,2,3,3,31,prathamesh,2025-02-26 16:04:25
1215,2021-08-03,2021,8,3,3,4,31,prathamesh,2025-02-26 16:04:25
1216,2021-08-04,2021,8,4,3,5,31,prathamesh,2025-02-26 16:04:25
1217,2021-08-05,2021,8,5,3,6,31,prathamesh,2025-02-26 16:04:25
1218,2021-08-06,2021,8,6,3,7,31,prathamesh,2025-02-26 16:04:25
1219,2021-08-07,2021,8,7,3,1,32,prathamesh,2025-02-26 16:04:25
1220,2021-08-08,2021,8,8,3,2,32,prathamesh,2025-02-26 16:04:25
1221,2021-08-09,2021,8,9,3,3,32,prathamesh,2025-02-26 16:04:25
1222,2021-08-10,2021,8,10,3,4,32,prathamesh,2025-02-26 16:04:25
1223,2021-08-11,2021,8,11,3,5,32,prathamesh,2025-02-26 16:04:25
1224,2021-08-12,2021,8,12,3,6,32,prathamesh,2025-02-26 16:04:25
1225,2021-08-13,2021,8,13,3,7,32,prathamesh,2025-02-26 16:04:25
1226,2021-08-14,2021,8,14,3,1,33,prathamesh,2025-02-26 16:04:25
1227,2021-08-15,2021,8,15,3,2,33,prathamesh,2025-02-26 16:04:25
1228,2021-08-16,2021,8,16,3,3,33,prathamesh,2025-02-26 16:04:25
1229,2021-08-17,2021,8,17,3,4,33,prathamesh,2025-02-26 16:04:25
1230,2021-08-18,2021,8,18,3,5,33,prathamesh,2025-02-26 16:04:25
1231,2021-08-19,2021,8,19,3,6,33,prathamesh,2025-02-26 16:04:25
1232,2021-08-20,2021,8,20,3,7,33,prathamesh,2025-02-26 16:04:25
1233,2021-08-21,2021,8,21,3,1,34,prathamesh,2025-02-26 16:04:25
1234,2021-08-22,2021,8,22,3,2,34,prathamesh,2025-02-26 16:04:25
1235,2021-08-23,2021,8,23,3,3,34,prathamesh,2025-02-26 16:04:25
1236,2021-08-24,2021,8,24,3,4,34,prathamesh,2025-02-26 16:04:25
1237,2021-08-25,2021,8,25,3,5,34,prathamesh,2025-02-26 16:04:25
1238,2021-08-26,2021,8,26,3,6,34,prathamesh,2025-02-26 16:04:25
1239,2021-08-27,2021,8,27,3,7,34,prathamesh,2025-02-26 16:04:25
1240,2021-08-28,2021,8,28,3,1,35,prathamesh,2025-02-26 16:04:25
1241,2021-08-29,2021,8,29,3,2,35,prathamesh,2025-02-26 16:04:25
1242,2021-08-30,2021,8,30,3,3,35,prathamesh,2025-02-26 16:04:25
1243,2021-08-31,2021,8,31,3,4,35,prathamesh,2025-02-26 16:04:25
1244,2021-09-01,2021,9,1,3,5,35,prathamesh,2025-02-26 16:04:25
1245,2021-09-02,2021,9,2,3,6,35,prathamesh,2025-02-26 16:04:25
1246,2021-09-03,2021,9,3,3,7,35,prathamesh,2025-02-26 16:04:25
1247,2021-09-04,2021,9,4,3,1,36,prathamesh,2025-02-26 16:04:25
1248,2021-09-05,2021,9,5,3,2,36,prathamesh,2025-02-26 16:04:25
1249,2021-09-06,2021,9,6,3,3,36,prathamesh,2025-02-26 16:04:25
1250,2021-09-07,2021,9,7,3,4,36,prathamesh,2025-02-26 16:04:25
1251,2021-09-08,2021,9,8,3,5,36,prathamesh,2025-02-26 16:04:25
1252,2021-09-09,2021,9,9,3,6,36,prathamesh,2025-02-26 16:04:25
1253,2021-09-10,2021,9,10,3,7,36,prathamesh,2025-02-26 16:04:25
1254,2021-09-11,2021,9,11,3,1,37,prathamesh,2025-02-26 16:04:25
1255,2021-09-12,2021,9,12,3,2,37,prathamesh,2025-02-26 16:04:25
1256,2021-09-13,2021,9,13,3,3,37,prathamesh,2025-02-26 16:04:25
1257,2021-09-14,2021,9,14,3,4,37,prathamesh,2025-02-26 16:04:25
1258,2021-09-15,2021,9,15,3,5,37,prathamesh,2025-02-26 16:04:25
1259,2021-09-16,2021,9,16,3,6,37,prathamesh,2025-02-26 16:04:25
1260,2021-09-17,2021,9,17,3,7,37,prathamesh,2025-02-26 16:04:25
1261,2021-09-18,2021,9,18,3,1,38,prathamesh,2025-02-26 16:04:25
1262,2021-09-19,2021,9,19,3,2,38,prathamesh,2025-02-26 16:04:25
1263,2021-09-20,2021,9,20,3,3,38,prathamesh,2025-02-26 16:04:25
1264,2021-09-21,2021,9,21,3,4,38,prathamesh,2025-02-26 16:04:25
1265,2021-09-22,2021,9,22,3,5,38,prathamesh,2025-02-26 16:04:25
1266,2021-09-23,2021,9,23,3,6,38,prathamesh,2025-02-26 16:04:25
1267,2021-09-24,2021,9,24,3,7,38,prathamesh,2025-02-26 16:04:25
1268,2021-09-25,2021,9,25,3,1,39,prathamesh,2025-02-26 16:04:25
1269,2021-09-26,2021,9,26,3,2,39,prathamesh,2025-02-26 16:04:25
1270,2021-09-27,2021,9,27,3,3,39,prathamesh,2025-02-26 16:04:25
1271,2021-09-28,2021,9,28,3,4,39,prathamesh,2025-02-26 16:04:25
1272,2021-09-29,2021,9,29,3,5,39,prathamesh,2025-02-26 16:04:25
1273,2021-09-30,2021,9,30,3,6,39,prathamesh,2025-02-26 16:04:25
1274,2021-10-01,2021,10,1,4,7,39,prathamesh,2025-02-26 16:04:25
1275,2021-10-02,2021,10,2,4,1,40,prathamesh,2025-02-26 16:04:25
1276,2021-10-03,2021,10,3,4,2,40,prathamesh,2025-02-26 16:04:25
1277,2021-10-04,2021,10,4,4,3,40,prathamesh,2025-02-26 16:04:25
1278,2021-10-05,2021,10,5,4,4,40,prathamesh,2025-02-26 16:04:25
1279,2021-10-06,2021,10,6,4,5,40,prathamesh,2025-02-26 16:04:25
1280,2021-10-07,2021,10,7,4,6,40,prathamesh,2025-02-26 16:04:25
1281,2021-10-08,2021,10,8,4,7,40,prathamesh,2025-02-26 16:04:25
1282,2021-10-09,2021,10,9,4,1,41,prathamesh,2025-02-26 16:04:25
1283,2021-10-10,2021,10,10,4,2,41,prathamesh,2025-02-26 16:04:25
1284,2021-10-11,2021,10,11,4,3,41,prathamesh,2025-02-26 16:04:25
1285,2021-10-12,2021,10,12,4,4,41,prathamesh,2025-02-26 16:04:25
1286,2021-10-13,2021,10,13,4,5,41,prathamesh,2025-02-26 16:04:25
1287,2021-10-14,2021,10,14,4,6,41,prathamesh,2025-02-26 16:04:25
1288,2021-10-15,2021,10,15,4,7,41,prathamesh,2025-02-26 16:04:25
1289,2021-10-16,2021,10,16,4,1,42,prathamesh,2025-02-26 16:04:25
1290,2021-10-17,2021,10,17,4,2,42,prathamesh,2025-02-26 16:04:25
1291,2021-10-18,2021,10,18,4,3,42,prathamesh,2025-02-26 16:04:25
1292,2021-10-19,2021,10,19,4,4,42,prathamesh,2025-02-26 16:04:25
1293,2021-10-20,2021,10,20,4,5,42,prathamesh,2025-02-26 16:04:25
1294,2021-10-21,2021,10,21,4,6,42,prathamesh,2025-02-26 16:04:25
1295,2021-10-22,2021,10,22,4,7,42,prathamesh,2025-02-26 16:04:25
1296,2021-10-23,2021,10,23,4,1,43,prathamesh,2025-02-26 16:04:25
1297,2021-10-24,2021,10,24,4,2,43,prathamesh,2025-02-26 16:04:25
1298,2021-10-25,2021,10,25,4,3,43,prathamesh,2025-02-26 16:04:25
1299,2021-10-26,2021,10,26,4,4,43,prathamesh,2025-02-26 16:04:25
1300,2021-10-27,2021,10,27,4,5,43,prathamesh,2025-02-26 16:04:25
1301,2021-10-28,2021,10,28,4,6,43,prathamesh,2025-02-26 16:04:25
1302,2021-10-29,2021,10,29,4,7,43,prathamesh,2025-02-26 16:04:25
1303,2021-10-30,2021,10,30,4,1,44,prathamesh,2025-02-26 16:04:25
1304,2021-10-31,2021,10,31,4,2,44,prathamesh,2025-02-26 16:04:25
1305,2021-11-01,2021,11,1,4,3,44,prathamesh,2025-02-26 16:04:25
1306,2021-11-02,2021,11,2,4,4,44,prathamesh,2025-02-26 16:04:25
1307,2021-11-03,2021,11,3,4,5,44,prathamesh,2025-02-26 16:04:25
1308,2021-11-04,2021,11,4,4,6,44,prathamesh,2025-02-26 16:04:25
1309,2021-11-05,2021,11,5,4,7,44,prathamesh,2025-02-26 16:04:25
1310,2021-11-06,2021,11,6,4,1,45,prathamesh,2025-02-26 16:04:25
1311,2021-11-07,2021,11,7,4,2,45,prathamesh,2025-02-26 16:04:25
1312,2021-11-08,2021,11,8,4,3,45,prathamesh,2025-02-26 16:04:25
1313,2021-11-09,2021,11,9,4,4,45,prathamesh,2025-02-26 16:04:25
1314,2021-11-10,2021,11,10,4,5,45,prathamesh,2025-02-26 16:04:25
1315,2021-11-11,2021,11,11,4,6,45,prathamesh,2025-02-26 16:04:25
1316,2021-11-12,2021,11,12,4,7,45,prathamesh,2025-02-26 16:04:25
1317,2021-11-13,2021,11,13,4,1,46,prathamesh,2025-02-26 16:04:25
1318,2021-11-14,2021,11,14,4,2,46,prathamesh,2025-02-26 16:04:25
1319,2021-11-15,2021,11,15,4,3,46,prathamesh,2025-02-26 16:04:25
1320,2021-11-16,2021,11,16,4,4,46,prathamesh,2025-02-26 16:04:25
1321,2021-11-17,2021,11,17,4,5,46,prathamesh,2025-02-26 16:04:25
1322,2021-11-18,2021,11,18,4,6,46,prathamesh,2025-02-26 16:04:25
1323,2021-11-19,2021,11,19,4,7,46,prathamesh,2025-02-26 16:04:25
1324,2021-11-20,2021,11,20,4,1,47,prathamesh,2025-02-26 16:04:25
1325,2021-11-21,2021,11,21,4,2,47,prathamesh,2025-02-26 16:04:25
1326,2021-11-22,2021,11,22,4,3,47,prathamesh,2025-02-26 16:04:25
1327,2021-11-23,2021,11,23,4,4,47,prathamesh,2025-02-26 16:04:25
1328,2021-11-24,2021,11,24,4,5,47,prathamesh,2025-02-26 16:04:25
1329,2021-11-25,2021,11,25,4,6,47,prathamesh,2025-02-26 16:04:25
1330,2021-11-26,2021,11,26,4,7,47,prathamesh,2025-02-26 16:04:25
1331,2021-11-27,2021,11,27,4,1,48,prathamesh,2025-02-26 16:04:25
1332,2021-11-28,2021,11,28,4,2,48,prathamesh,2025-02-26 16:04:25
1333,2021-11-29,2021,11,29,4,3,48,prathamesh,2025-02-26 16:04:25
1334,2021-11-30,2021,11,30,4,4,48,prathamesh,2025-02-26 16:04:25
1335,2021-12-01,2021,12,1,4,5,48,prathamesh,2025-02-26 16:04:25
1336,2021-12-02,2021,12,2,4,6,48,prathamesh,2025-02-26 16:04:25
1337,2021-12-03,2021,12,3,4,7,48,prathamesh,2025-02-26 16:04:25
1338,2021-12-04,2021,12,4,4,1,49,prathamesh,2025-02-26 16:04:25
1339,2021-12-05,2021,12,5,4,2,49,prathamesh,2025-02-26 16:04:25
1340,2021-12-06,2021,12,6,4,3,49,prathamesh,2025-02-26 16:04:25
1341,2021-12-07,2021,12,7,4,4,49,prathamesh,2025-02-26 16:04:25
1342,2021-12-08,2021,12,8,4,5,49,prathamesh,2025-02-26 16:04:25
1343,2021-12-09,2021,12,9,4,6,49,prathamesh,2025-02-26 16:04:25
1344,2021-12-10,2021,12,10,4,7,49,prathamesh,2025-02-26 16:04:25
1345,2021-12-11,2021,12,11,4,1,50,prathamesh,2025-02-26 16:04:25
1346,2021-12-12,2021,12,12,4,2,50,prathamesh,2025-02-26 16:04:25
1347,2021-12-13,2021,12,13,4,3,50,prathamesh,2025-02-26 16:04:25
1348,2021-12-14,2021,12,14,4,4,50,prathamesh,2025-02-26 16:04:25
1349,2021-12-15,2021,12,15,4,5,50,prathamesh,2025-02-26 16:04:25
1350,2021-12-16,2021,12,16,4,6,50,prathamesh,2025-02-26 16:04:25
1351,2021-12-17,2021,12,17,4,7,50,prathamesh,2025-02-26 16:04:25
1352,2021-12-18,2021,12,18,4,1,51,prathamesh,2025-02-26 16:04:25
1353,2021-12-19,2021,12,19,4,2,51,prathamesh,2025-02-26 16:04:25
1354,2021-12-20,2021,12,20,4,3,51,prathamesh,2025-02-26 16:04:25
1355,2021-12-21,2021,12,21,4,4,51,prathamesh,2025-02-26 16:04:25
1356,2021-12-22,2021,12,22,4,5,51,prathamesh,2025-02-26 16:04:25
1357,2021-12-23,2021,12,23,4,6,51,prathamesh,2025-02-26 16:04:25
1358,2021-12-24,2021,12,24,4,7,51,prathamesh,2025-02-26 16:04:25
1359,2021-12-25,2021,12,25,4,1,52,prathamesh,2025-02-26 16:04:25
1360,2021-12-26,2021,12,26,4,2,52,prathamesh,2025-02-26 16:04:25
1361,2021-12-27,2021,12,27,4,3,52,prathamesh,2025-02-26 16:04:25
1362,2021-12-28,2021,12,28,4,4,52,prathamesh,2025-02-26 16:04:25
1363,2021-12-29,2021,12,29,4,5,52,prathamesh,2025-02-26 16:04:25
1364,2021-12-30,2021,12,30,4,6,52,prathamesh,2025-02-26 16:04:25
1365,2021-12-31,2021,12,31,4,7,52,prathamesh,2025-02-26 16:04:25
1366,2022-01-01,2022,1,1,1,1,1,prathamesh,2025-02-26 16:04:25
1367,2022-01-02,2022,1,2,1,2,1,prathamesh,2025-02-26 16:04:25
1368,2022-01-03,2022,1,3,1,3,1,prathamesh,2025-02-26 16:04:25
1369,2022-01-04,2022,1,4,1,4,1,prathamesh,2025-02-26 16:04:25
1370,2022-01-05,2022,1,5,1,5,1,prathamesh,2025-02-26 16:04:25
1371,2022-01-06,2022,1,6,1,6,1,prathamesh,2025-02-26 16:04:25
1372,2022-01-07,2022,1,7,1,7,1,prathamesh,2025-02-26 16:04:25
1373,2022-01-08,2022,1,8,1,1,2,prathamesh,2025-02-26 16:04:25
1374,2022-01-09,2022,1,9,1,2,2,prathamesh,2025-02-26 16:04:25
1375,2022-01-10,2022,1,10,1,3,2,prathamesh,2025-02-26 16:04:25
1376,2022-01-11,2022,1,11,1,4,2,prathamesh,2025-02-26 16:04:25
1377,2022-01-12,2022,1,12,1,5,2,prathamesh,2025-02-26 16:04:25
1378,2022-01-13,2022,1,13,1,6,2,prathamesh,2025-02-26 16:04:25
1379,2022-01-14,2022,1,14,1,7,2,prathamesh,2025-02-26 16:04:25
1380,2022-01-15,2022,1,15,1,1,3,prathamesh,2025-02-26 16:04:25
1381,2022-01-16,2022,1,16,1,2,3,prathamesh,2025-02-26 16:04:25
1382,2022-01-17,2022,1,17,1,3,3,prathamesh,2025-02-26 16:04:25
1383,2022-01-18,2022,1,18,1,4,3,prathamesh,2025-02-26 16:04:25
1384,2022-01-19,2022,1,19,1,5,3,prathamesh,2025-02-26 16:04:25
1385,2022-01-20,2022,1,20,1,6,3,prathamesh,2025-02-26 16:04:25
1386,2022-01-21,2022,1,21,1,7,3,prathamesh,2025-02-26 16:04:25
1387,2022-01-22,2022,1,22,1,1,4,prathamesh,2025-02-26 16:04:25
1388,2022-01-23,2022,1,23,1,2,4,prathamesh,2025-02-26 16:04:25
1389,2022-01-24,2022,1,24,1,3,4,prathamesh,2025-02-26 16:04:25
1390,2022-01-25,2022,1,25,1,4,4,prathamesh,2025-02-26 16:04:25
1391,2022-01-26,2022,1,26,1,5,4,prathamesh,2025-02-26 16:04:25
1392,2022-01-27,2022,1,27,1,6,4,prathamesh,2025-02-26 16:04:25
1393,2022-01-28,2022,1,28,1,7,4,prathamesh,2025-02-26 16:04:25
1394,2022-01-29,2022,1,29,1,1,5,prathamesh,2025-02-26 16:04:25
1395,2022-01-30,2022,1,30,1,2,5,prathamesh,2025-02-26 16:04:25
1396,2022-01-31,2022,1,31,1,3,5,prathamesh,2025-02-26 16:04:25
1397,2022-02-01,2022,2,1,1,4,5,prathamesh,2025-02-26 16:04:25
1398,2022-02-02,2022,2,2,1,5,5,prathamesh,2025-02-26 16:04:25
1399,2022-02-03,2022,2,3,1,6,5,prathamesh,2025-02-26 16:04:25
1400,2022-02-04,2022,2,4,1,7,5,prathamesh,2025-02-26 16:04:25
1401,2022-02-05,2022,2,5,1,1,6,prathamesh,2025-02-26 16:04:25
1402,2022-02-06,2022,2,6,1,2,6,prathamesh,2025-02-26 16:04:25
1403,2022-02-07,2022,2,7,1,3,6,prathamesh,2025-02-26 16:04:25
1404,2022-02-08,2022,2,8,1,4,6,prathamesh,2025-02-26 16:04:25
1405,2022-02-09,2022,2,9,1,5,6,prathamesh,2025-02-26 16:04:25
1406,2022-02-10,2022,2,10,1,6,6,prathamesh,2025-02-26 16:04:25
1407,2022-02-11,2022,2,11,1,7,6,prathamesh,2025-02-26 16:04:25
1408,2022-02-12,2022,2,12,1,1,7,prathamesh,2025-02-26 16:04:25
1409,2022-02-13,2022,2,13,1,2,7,prathamesh,2025-02-26 16:04:25
1410,2022-02-14,2022,2,14,1,3,7,prathamesh,2025-02-26 16:04:25
1411,2022-02-15,2022,2,15,1,4,7,prathamesh,2025-02-26 16:04:25
1412,2022-02-16,2022,2,16,1,5,7,prathamesh,2025-02-26 16:04:25
1413,2022-02-17,2022,2,17,1,6,7,prathamesh,2025-02-26 16:04:25
1414,2022-02-18,2022,2,18,1,7,7,prathamesh,2025-02-26 16:04:25
1415,2022-02-19,2022,2,19,1,1,8,prathamesh,2025-02-26 16:04:25
1416,2022-02-20,2022,2,20,1,2,8,prathamesh,2025-02-26 16:04:25
1417,2022-02-21,2022,2,21,1,3,8,prathamesh,2025-02-26 16:04:25
1418,2022-02-22,2022,2,22,1,4,8,prathamesh,2025-02-26 16:04:25
1419,2022-02-23,2022,2,23,1,5,8,prathamesh,2025-02-26 16:04:25
1420,2022-02-24,2022,2,24,1,6,8,prathamesh,2025-02-26 16:04:25
1421,2022-02-25,2022,2,25,1,7,8,prathamesh,2025-02-26 16:04:25
1422,2022-02-26,2022,2,26,1,1,9,prathamesh,2025-02-26 16:04:25
1423,2022-02-27,2022,2,27,1,2,9,prathamesh,2025-02-26 16:04:25
1424,2022-02-28,2022,2,28,1,3,9,prathamesh,2025-02-26 16:04:25
1425,2022-03-01,2022,3,1,1,4,9,prathamesh,2025-02-26 16:04:25
1426,2022-03-02,2022,3,2,1,5,9,prathamesh,2025-02-26 16:04:25
1427,2022-03-03,2022,3,3,1,6,9,prathamesh,2025-02-26 16:04:25
1428,2022-03-04,2022,3,4,1,7,9,prathamesh,2025-02-26 16:04:25
1429,2022-03-05,2022,3,5,1,1,10,prathamesh,2025-02-26 16:04:25
1430,2022-03-06,2022,3,6,1,2,10,prathamesh,2025-02-26 16:04:25
1431,2022-03-07,2022,3,7,1,3,10,prathamesh,2025-02-26 16:04:25
1432,2022-03-08,2022,3,8,1,4,10,prathamesh,2025-02-26 16:04:25
1433,2022-03-09,2022,3,9,1,5,10,prathamesh,2025-02-26 16:04:25
1434,2022-03-10,2022,3,10,1,6,10,prathamesh,2025-02-26 16:04:25
1435,2022-03-11,2022,3,11,1,7,10,prathamesh,2025-02-26 16:04:25
1436,2022-03-12,2022,3,12,1,1,11,prathamesh,2025-02-26 16:04:25
1437,2022-03-13,2022,3,13,1,2,11,prathamesh,2025-02-26 16:04:25
1438,2022-03-14,2022,3,14,1,3,11,prathamesh,2025-02-26 16:04:25
1439,2022-03-15,2022,3,15,1,4,11,prathamesh,2025-02-26 16:04:25
1440,2022-03-16,2022,3,16,1,5,11,prathamesh,2025-02-26 16:04:25
1441,2022-03-17,2022,3,17,1,6,11,prathamesh,2025-02-26 16:04:25
1442,2022-03-18,2022,3,18,1,7,11,prathamesh,2025-02-26 16:04:25
1443,2022-03-19,2022,3,19,1,1,12,prathamesh,2025-02-26 16:04:25
1444,2022-03-20,2022,3,20,1,2,12,prathamesh,2025-02-26 16:04:25
1445,2022-03-21,2022,3,21,1,3,12,prathamesh,2025-02-26 16:04:25
1446,2022-03-22,2022,3,22,1,4,12,prathamesh,2025-02-26 16:04:25
1447,2022-03-23,2022,3,23,1,5,12,prathamesh,2025-02-26 16:04:25
1448,2022-03-24,2022,3,24,1,6,12,prathamesh,2025-02-26 16:04:25
1449,2022-03-25,2022,3,25,1,7,12,prathamesh,2025-02-26 16:04:25
1450,2022-03-26,2022,3,26,1,1,13,prathamesh,2025-02-26 16:04:25
1451,2022-03-27,2022,3,27,1,2,13,prathamesh,2025-02-26 16:04:25
1452,2022-03-28,2022,3,28,1,3,13,prathamesh,2025-02-26 16:04:25
1453,2022-03-29,2022,3,29,1,4,13,prathamesh,2025-02-26 16:04:25
1454,2022-03-30,2022,3,30,1,5,13,prathamesh,2025-02-26 16:04:25
1455,2022-03-31,2022,3,31,1,6,13,prathamesh,2025-02-26 16:04:25
1456,2022-04-01,2022,4,1,2,7,13,prathamesh,2025-02-26 16:04:25
1457,2022-04-02,2022,4,2,2,1,14,prathamesh,2025-02-26 16:04:25
1458,2022-04-03,2022,4,3,2,2,14,prathamesh,2025-02-26 16:04:25
1459,2022-04-04,2022,4,4,2,3,14,prathamesh,2025-02-26 16:04:25
1460,2022-04-05,2022,4,5,2,4,14,prathamesh,2025-02-26 16:04:25
1461,2022-04-06,2022,4,6,2,5,14,prathamesh,2025-02-26 16:04:25
1462,2022-04-07,2022,4,7,2,6,14,prathamesh,2025-02-26 16:04:25
1463,2022-04-08,2022,4,8,2,7,14,prathamesh,2025-02-26 16:04:25
1464,2022-04-09,2022,4,9,2,1,15,prathamesh,2025-02-26 16:04:25
1465,2022-04-10,2022,4,10,2,2,15,prathamesh,2025-02-26 16:04:25
1466,2022-04-11,2022,4,11,2,3,15,prathamesh,2025-02-26 16:04:25
1467,2022-04-12,2022,4,12,2,4,15,prathamesh,2025-02-26 16:04:25
1468,2022-04-13,2022,4,13,2,5,15,prathamesh,2025-02-26 16:04:25
1469,2022-04-14,2022,4,14,2,6,15,prathamesh,2025-02-26 16:04:25
1470,2022-04-15,2022,4,15,2,7,15,prathamesh,2025-02-26 16:04:25
1471,2022-04-16,2022,4,16,2,1,16,prathamesh,2025-02-26 16:04:25
1472,2022-04-17,2022,4,17,2,2,16,prathamesh,2025-02-26 16:04:25
1473,2022-04-18,2022,4,18,2,3,16,prathamesh,2025-02-26 16:04:25
1474,2022-04-19,2022,4,19,2,4,16,prathamesh,2025-02-26 16:04:25
1475,2022-04-20,2022,4,20,2,5,16,prathamesh,2025-02-26 16:04:25
1476,2022-04-21,2022,4,21,2,6,16,prathamesh,2025-02-26 16:04:25
1477,2022-04-22,2022,4,22,2,7,16,prathamesh,2025-02-26 16:04:25
1478,2022-04-23,2022,4,23,2,1,17,prathamesh,2025-02-26 16:04:25
1479,2022-04-24,2022,4,24,2,2,17,prathamesh,2025-02-26 16:04:25
1480,2022-04-25,2022,4,25,2,3,17,prathamesh,2025-02-26 16:04:25
1481,2022-04-26,2022,4,26,2,4,17,prathamesh,2025-02-26 16:04:25
1482,2022-04-27,2022,4,27,2,5,17,prathamesh,2025-02-26 16:04:25
1483,2022-04-28,2022,4,28,2,6,17,prathamesh,2025-02-26 16:04:25
1484,2022-04-29,2022,4,29,2,7,17,prathamesh,2025-02-26 16:04:25
1485,2022-04-30,2022,4,30,2,1,18,prathamesh,2025-02-26 16:04:25
1486,2022-05-01,2022,5,1,2,2,18,prathamesh,2025-02-26 16:04:25
1487,2022-05-02,2022,5,2,2,3,18,prathamesh,2025-02-26 16:04:25
1488,2022-05-03,2022,5,3,2,4,18,prathamesh,2025-02-26 16:04:25
1489,2022-05-04,2022,5,4,2,5,18,prathamesh,2025-02-26 16:04:25
1490,2022-05-05,2022,5,5,2,6,18,prathamesh,2025-02-26 16:04:25
1491,2022-05-06,2022,5,6,2,7,18,prathamesh,2025-02-26 16:04:25
1492,2022-05-07,2022,5,7,2,1,19,prathamesh,2025-02-26 16:04:25
1493,2022-05-08,2022,5,8,2,2,19,prathamesh,2025-02-26 16:04:25
1494,2022-05-09,2022,5,9,2,3,19,prathamesh,2025-02-26 16:04:25
1495,2022-05-10,2022,5,10,2,4,19,prathamesh,2025-02-26 16:04:25
1496,2022-05-11,2022,5,11,2,5,19,prathamesh,2025-02-26 16:04:25
1497,2022-05-12,2022,5,12,2,6,19,prathamesh,2025-02-26 16:04:25
1498,2022-05-13,2022,5,13,2,7,19,prathamesh,2025-02-26 16:04:25
1499,2022-05-14,2022,5,14,2,1,20,prathamesh,2025-02-26 16:04:25
1500,2022-05-15,2022,5,15,2,2,20,prathamesh,2025-02-26 16:04:25
1501,2022-05-16,2022,5,16,2,3,20,prathamesh,2025-02-26 16:04:25
1502,2022-05-17,2022,5,17,2,4,20,prathamesh,2025-02-26 16:04:25
1503,2022-05-18,2022,5,18,2,5,20,prathamesh,2025-02-26 16:04:25
1504,2022-05-19,2022,5,19,2,6,20,prathamesh,2025-02-26 16:04:25
1505,2022-05-20,2022,5,20,2,7,20,prathamesh,2025-02-26 16:04:25
1506,2022-05-21,2022,5,21,2,1,21,prathamesh,2025-02-26 16:04:25
1507,2022-05-22,2022,5,22,2,2,21,prathamesh,2025-02-26 16:04:25
1508,2022-05-23,2022,5,23,2,3,21,prathamesh,2025-02-26 16:04:25
1509,2022-05-24,2022,5,24,2,4,21,prathamesh,2025-02-26 16:04:25
1510,2022-05-25,2022,5,25,2,5,21,prathamesh,2025-02-26 16:04:25
1511,2022-05-26,2022,5,26,2,6,21,prathamesh,2025-02-26 16:04:25
1512,2022-05-27,2022,5,27,2,7,21,prathamesh,2025-02-26 16:04:25
1513,2022-05-28,2022,5,28,2,1,22,prathamesh,2025-02-26 16:04:25
1514,2022-05-29,2022,5,29,2,2,22,prathamesh,2025-02-26 16:04:25
1515,2022-05-30,2022,5,30,2,3,22,prathamesh,2025-02-26 16:04:25
1516,2022-05-31,2022,5,31,2,4,22,prathamesh,2025-02-26 16:04:25
1517,2022-06-01,2022,6,1,2,5,22,prathamesh,2025-02-26 16:04:25
1518,2022-06-02,2022,6,2,2,6,22,prathamesh,2025-02-26 16:04:25
1519,2022-06-03,2022,6,3,2,7,22,prathamesh,2025-02-26 16:04:25
1520,2022-06-04,2022,6,4,2,1,23,prathamesh,2025-02-26 16:04:25
1521,2022-06-05,2022,6,5,2,2,23,prathamesh,2025-02-26 16:04:25
1522,2022-06-06,2022,6,6,2,3,23,prathamesh,2025-02-26 16:04:25
1523,2022-06-07,2022,6,7,2,4,23,prathamesh,2025-02-26 16:04:25
1524,2022-06-08,2022,6,8,2,5,23,prathamesh,2025-02-26 16:04:25
1525,2022-06-09,2022,6,9,2,6,23,prathamesh,2025-02-26 16:04:25
1526,2022-06-10,2022,6,10,2,7,23,prathamesh,2025-02-26 16:04:25
1527,2022-06-11,2022,6,11,2,1,24,prathamesh,2025-02-26 16:04:25
1528,2022-06-12,2022,6,12,2,2,24,prathamesh,2025-02-26 16:04:25
1529,2022-06-13,2022,6,13,2,3,24,prathamesh,2025-02-26 16:04:25
1530,2022-06-14,2022,6,14,2,4,24,prathamesh,2025-02-26 16:04:25
1531,2022-06-15,2022,6,15,2,5,24,prathamesh,2025-02-26 16:04:25
1532,2022-06-16,2022,6,16,2,6,24,prathamesh,2025-02-26 16:04:25
1533,2022-06-17,2022,6,17,2,7,24,prathamesh,2025-02-26 16:04:25
1534,2022-06-18,2022,6,18,2,1,25,prathamesh,2025-02-26 16:04:25
1535,2022-06-19,2022,6,19,2,2,25,prathamesh,2025-02-26 16:04:25
1536,2022-06-20,2022,6,20,2,3,25,prathamesh,2025-02-26 16:04:25
1537,2022-06-21,2022,6,21,2,4,25,prathamesh,2025-02-26 16:04:25
1538,2022-06-22,2022,6,22,2,5,25,prathamesh,2025-02-26 16:04:25
1539,2022-06-23,2022,6,23,2,6,25,prathamesh,2025-02-26 16:04:25
1540,2022-06-24,2022,6,24,2,7,25,prathamesh,2025-02-26 16:04:25
1541,2022-06-25,2022,6,25,2,1,26,prathamesh,2025-02-26 16:04:25
1542,2022-06-26,2022,6,26,2,2,26,prathamesh,2025-02-26 16:04:25
1543,2022-06-27,2022,6,27,2,3,26,prathamesh,2025-02-26 16:04:25
1544,2022-06-28,2022,6,28,2,4,26,prathamesh,2025-02-26 16:04:25
1545,2022-06-29,2022,6,29,2,5,26,prathamesh,2025-02-26 16:04:25
1546,2022-06-30,2022,6,30,2,6,26,prathamesh,2025-02-26 16:04:25
1547,2022-07-01,2022,7,1,3,7,26,prathamesh,2025-02-26 16:04:25
1548,2022-07-02,2022,7,2,3,1,27,prathamesh,2025-02-26 16:04:25
1549,2022-07-03,2022,7,3,3,2,27,prathamesh,2025-02-26 16:04:25
1550,2022-07-04,2022,7,4,3,3,27,prathamesh,2025-02-26 16:04:25
1551,2022-07-05,2022,7,5,3,4,27,prathamesh,2025-02-26 16:04:25
1552,2022-07-06,2022,7,6,3,5,27,prathamesh,2025-02-26 16:04:25
1553,2022-07-07,2022,7,7,3,6,27,prathamesh,2025-02-26 16:04:25
1554,2022-07-08,2022,7,8,3,7,27,prathamesh,2025-02-26 16:04:25
1555,2022-07-09,2022,7,9,3,1,28,prathamesh,2025-02-26 16:04:25
1556,2022-07-10,2022,7,10,3,2,28,prathamesh,2025-02-26 16:04:25
1557,2022-07-11,2022,7,11,3,3,28,prathamesh,2025-02-26 16:04:25
1558,2022-07-12,2022,7,12,3,4,28,prathamesh,2025-02-26 16:04:25
1559,2022-07-13,2022,7,13,3,5,28,prathamesh,2025-02-26 16:04:25
1560,2022-07-14,2022,7,14,3,6,28,prathamesh,2025-02-26 16:04:25
1561,2022-07-15,2022,7,15,3,7,28,prathamesh,2025-02-26 16:04:25
1562,2022-07-16,2022,7,16,3,1,29,prathamesh,2025-02-26 16:04:25
1563,2022-07-17,2022,7,17,3,2,29,prathamesh,2025-02-26 16:04:25
1564,2022-07-18,2022,7,18,3,3,29,prathamesh,2025-02-26 16:04:25
1565,2022-07-19,2022,7,19,3,4,29,prathamesh,2025-02-26 16:04:25
1566,2022-07-20,2022,7,20,3,5,29,prathamesh,2025-02-26 16:04:25
1567,2022-07-21,2022,7,21,3,6,29,prathamesh,2025-02-26 16:04:25
1568,2022-07-22,2022,7,22,3,7,29,prathamesh,2025-02-26 16:04:25
1569,2022-07-23,2022,7,23,3,1,30,prathamesh,2025-02-26 16:04:25
1570,2022-07-24,2022,7,24,3,2,30,prathamesh,2025-02-26 16:04:25
1571,2022-07-25,2022,7,25,3,3,30,prathamesh,2025-02-26 16:04:25
1572,2022-07-26,2022,7,26,3,4,30,prathamesh,2025-02-26 16:04:25
1573,2022-07-27,2022,7,27,3,5,30,prathamesh,2025-02-26 16:04:25
1574,2022-07-28,2022,7,28,3,6,30,prathamesh,2025-02-26 16:04:25
1575,2022-07-29,2022,7,29,3,7,30,prathamesh,2025-02-26 16:04:25
1576,2022-07-30,2022,7,30,3,1,31,prathamesh,2025-02-26 16:04:25
1577,2022-07-31,2022,7,31,3,2,31,prathamesh,2025-02-26 16:04:25
1578,2022-08-01,2022,8,1,3,3,31,prathamesh,2025-02-26 16:04:25
1579,2022-08-02,2022,8,2,3,4,31,prathamesh,2025-02-26 16:04:25
1580,2022-08-03,2022,8,3,3,5,31,prathamesh,2025-02-26 16:04:25
1581,2022-08-04,2022,8,4,3,6,31,prathamesh,2025-02-26 16:04:25
1582,2022-08-05,2022,8,5,3,7,31,prathamesh,2025-02-26 16:04:25
1583,2022-08-06,2022,8,6,3,1,32,prathamesh,2025-02-26 16:04:25
1584,2022-08-07,2022,8,7,3,2,32,prathamesh,2025-02-26 16:04:25
1585,2022-08-08,2022,8,8,3,3,32,prathamesh,2025-02-26 16:04:25
1586,2022-08-09,2022,8,9,3,4,32,prathamesh,2025-02-26 16:04:25
1587,2022-08-10,2022,8,10,3,5,32,prathamesh,2025-02-26 16:04:25
1588,2022-08-11,2022,8,11,3,6,32,prathamesh,2025-02-26 16:04:25
1589,2022-08-12,2022,8,12,3,7,32,prathamesh,2025-02-26 16:04:25
1590,2022-08-13,2022,8,13,3,1,33,prathamesh,2025-02-26 16:04:25
1591,2022-08-14,2022,8,14,3,2,33,prathamesh,2025-02-26 16:04:25
1592,2022-08-15,2022,8,15,3,3,33,prathamesh,2025-02-26 16:04:25
1593,2022-08-16,2022,8,16,3,4,33,prathamesh,2025-02-26 16:04:25
1594,2022-08-17,2022,8,17,3,5,33,prathamesh,2025-02-26 16:04:25
1595,2022-08-18,2022,8,18,3,6,33,prathamesh,2025-02-26 16:04:25
1596,2022-08-19,2022,8,19,3,7,33,prathamesh,2025-02-26 16:04:25
1597,2022-08-20,2022,8,20,3,1,34,prathamesh,2025-02-26 16:04:25
1598,2022-08-21,2022,8,21,3,2,34,prathamesh,2025-02-26 16:04:25
1599,2022-08-22,2022,8,22,3,3,34,prathamesh,2025-02-26 16:04:25
1600,2022-08-23,2022,8,23,3,4,34,prathamesh,2025-02-26 16:04:25
1601,2022-08-24,2022,8,24,3,5,34,prathamesh,2025-02-26 16:04:25
1602,2022-08-25,2022,8,25,3,6,34,prathamesh,2025-02-26 16:04:25
1603,2022-08-26,2022,8,26,3,7,34,prathamesh,2025-02-26 16:04:25
1604,2022-08-27,2022,8,27,3,1,35,prathamesh,2025-02-26 16:04:25
1605,2022-08-28,2022,8,28,3,2,35,prathamesh,2025-02-26 16:04:25
1606,2022-08-29,2022,8,29,3,3,35,prathamesh,2025-02-26 16:04:25
1607,2022-08-30,2022,8,30,3,4,35,prathamesh,2025-02-26 16:04:25
1608,2022-08-31,2022,8,31,3,5,35,prathamesh,2025-02-26 16:04:25
1609,2022-09-01,2022,9,1,3,6,35,prathamesh,2025-02-26 16:04:25
1610,2022-09-02,2022,9,2,3,7,35,prathamesh,2025-02-26 16:04:25
1611,2022-09-03,2022,9,3,3,1,36,prathamesh,2025-02-26 16:04:25
1612,2022-09-04,2022,9,4,3,2,36,prathamesh,2025-02-26 16:04:25
1613,2022-09-05,2022,9,5,3,3,36,prathamesh,2025-02-26 16:04:25
1614,2022-09-06,2022,9,6,3,4,36,prathamesh,2025-02-26 16:04:25
1615,2022-09-07,2022,9,7,3,5,36,prathamesh,2025-02-26 16:04:25
1616,2022-09-08,2022,9,8,3,6,36,prathamesh,2025-02-26 16:04:25
1617,2022-09-09,2022,9,9,3,7,36,prathamesh,2025-02-26 16:04:25
1618,2022-09-10,2022,9,10,3,1,37,prathamesh,2025-02-26 16:04:25
1619,2022-09-11,2022,9,11,3,2,37,prathamesh,2025-02-26 16:04:25
1620,2022-09-12,2022,9,12,3,3,37,prathamesh,2025-02-26 16:04:25
1621,2022-09-13,2022,9,13,3,4,37,prathamesh,2025-02-26 16:04:25
1622,2022-09-14,2022,9,14,3,5,37,prathamesh,2025-02-26 16:04:25
1623,2022-09-15,2022,9,15,3,6,37,prathamesh,2025-02-26 16:04:25
1624,2022-09-16,2022,9,16,3,7,37,prathamesh,2025-02-26 16:04:25
1625,2022-09-17,2022,9,17,3,1,38,prathamesh,2025-02-26 16:04:25
1626,2022-09-18,2022,9,18,3,2,38,prathamesh,2025-02-26 16:04:25
1627,2022-09-19,2022,9,19,3,3,38,prathamesh,2025-02-26 16:04:25
1628,2022-09-20,2022,9,20,3,4,38,prathamesh,2025-02-26 16:04:25
1629,2022-09-21,2022,9,21,3,5,38,prathamesh,2025-02-26 16:04:25
1630,2022-09-22,2022,9,22,3,6,38,prathamesh,2025-02-26 16:04:25
1631,2022-09-23,2022,9,23,3,7,38,prathamesh,2025-02-26 16:04:25
1632,2022-09-24,2022,9,24,3,1,39,prathamesh,2025-02-26 16:04:25
1633,2022-09-25,2022,9,25,3,2,39,prathamesh,2025-02-26 16:04:25
1634,2022-09-26,2022,9,26,3,3,39,prathamesh,2025-02-26 16:04:25
1635,2022-09-27,2022,9,27,3,4,39,prathamesh,2025-02-26 16:04:25
1636,2022-09-28,2022,9,28,3,5,39,prathamesh,2025-02-26 16:04:25
1637,2022-09-29,2022,9,29,3,6,39,prathamesh,2025-02-26 16:04:25
1638,2022-09-30,2022,9,30,3,7,39,prathamesh,2025-02-26 16:04:25
1639,2022-10-01,2022,10,1,4,1,40,prathamesh,2025-02-26 16:04:25
1640,2022-10-02,2022,10,2,4,2,40,prathamesh,2025-02-26 16:04:25
1641,2022-10-03,2022,10,3,4,3,40,prathamesh,2025-02-26 16:04:25
1642,2022-10-04,2022,10,4,4,4,40,prathamesh,2025-02-26 16:04:25
1643,2022-10-05,2022,10,5,4,5,40,prathamesh,2025-02-26 16:04:25
1644,2022-10-06,2022,10,6,4,6,40,prathamesh,2025-02-26 16:04:25
1645,2022-10-07,2022,10,7,4,7,40,prathamesh,2025-02-26 16:04:25
1646,2022-10-08,2022,10,8,4,1,41,prathamesh,2025-02-26 16:04:25
1647,2022-10-09,2022,10,9,4,2,41,prathamesh,2025-02-26 16:04:25
1648,2022-10-10,2022,10,10,4,3,41,prathamesh,2025-02-26 16:04:25
1649,2022-10-11,2022,10,11,4,4,41,prathamesh,2025-02-26 16:04:25
1650,2022-10-12,2022,10,12,4,5,41,prathamesh,2025-02-26 16:04:25
1651,2022-10-13,2022,10,13,4,6,41,prathamesh,2025-02-26 16:04:25
1652,2022-10-14,2022,10,14,4,7,41,prathamesh,2025-02-26 16:04:25
1653,2022-10-15,2022,10,15,4,1,42,prathamesh,2025-02-26 16:04:25
1654,2022-10-16,2022,10,16,4,2,42,prathamesh,2025-02-26 16:04:25
1655,2022-10-17,2022,10,17,4,3,42,prathamesh,2025-02-26 16:04:25
1656,2022-10-18,2022,10,18,4,4,42,prathamesh,2025-02-26 16:04:25
1657,2022-10-19,2022,10,19,4,5,42,prathamesh,2025-02-26 16:04:25
1658,2022-10-20,2022,10,20,4,6,42,prathamesh,2025-02-26 16:04:25
1659,2022-10-21,2022,10,21,4,7,42,prathamesh,2025-02-26 16:04:25
1660,2022-10-22,2022,10,22,4,1,43,prathamesh,2025-02-26 16:04:25
1661,2022-10-23,2022,10,23,4,2,43,prathamesh,2025-02-26 16:04:25
1662,2022-10-24,2022,10,24,4,3,43,prathamesh,2025-02-26 16:04:25
1663,2022-10-25,2022,10,25,4,4,43,prathamesh,2025-02-26 16:04:25
1664,2022-10-26,2022,10,26,4,5,43,prathamesh,2025-02-26 16:04:25
1665,2022-10-27,2022,10,27,4,6,43,prathamesh,2025-02-26 16:04:25
1666,2022-10-28,2022,10,28,4,7,43,prathamesh,2025-02-26 16:04:25
1667,2022-10-29,2022,10,29,4,1,44,prathamesh,2025-02-26 16:04:25
1668,2022-10-30,2022,10,30,4,2,44,prathamesh,2025-02-26 16:04:25
1669,2022-10-31,2022,10,31,4,3,44,prathamesh,2025-02-26 16:04:25
1670,2022-11-01,2022,11,1,4,4,44,prathamesh,2025-02-26 16:04:25
1671,2022-11-02,2022,11,2,4,5,44,prathamesh,2025-02-26 16:04:25
1672,2022-11-03,2022,11,3,4,6,44,prathamesh,2025-02-26 16:04:25
1673,2022-11-04,2022,11,4,4,7,44,prathamesh,2025-02-26 16:04:25
1674,2022-11-05,2022,11,5,4,1,45,prathamesh,2025-02-26 16:04:25
1675,2022-11-06,2022,11,6,4,2,45,prathamesh,2025-02-26 16:04:25
1676,2022-11-07,2022,11,7,4,3,45,prathamesh,2025-02-26 16:04:25
1677,2022-11-08,2022,11,8,4,4,45,prathamesh,2025-02-26 16:04:25
1678,2022-11-09,2022,11,9,4,5,45,prathamesh,2025-02-26 16:04:25
1679,2022-11-10,2022,11,10,4,6,45,prathamesh,2025-02-26 16:04:25
1680,2022-11-11,2022,11,11,4,7,45,prathamesh,2025-02-26 16:04:25
1681,2022-11-12,2022,11,12,4,1,46,prathamesh,2025-02-26 16:04:25
1682,2022-11-13,2022,11,13,4,2,46,prathamesh,2025-02-26 16:04:25
1683,2022-11-14,2022,11,14,4,3,46,prathamesh,2025-02-26 16:04:25
1684,2022-11-15,2022,11,15,4,4,46,prathamesh,2025-02-26 16:04:25
1685,2022-11-16,2022,11,16,4,5,46,prathamesh,2025-02-26 16:04:25
1686,2022-11-17,2022,11,17,4,6,46,prathamesh,2025-02-26 16:04:25
1687,2022-11-18,2022,11,18,4,7,46,prathamesh,2025-02-26 16:04:25
1688,2022-11-19,2022,11,19,4,1,47,prathamesh,2025-02-26 16:04:25
1689,2022-11-20,2022,11,20,4,2,47,prathamesh,2025-02-26 16:04:25
1690,2022-11-21,2022,11,21,4,3,47,prathamesh,2025-02-26 16:04:25
1691,2022-11-22,2022,11,22,4,4,47,prathamesh,2025-02-26 16:04:25
1692,2022-11-23,2022,11,23,4,5,47,prathamesh,2025-02-26 16:04:25
1693,2022-11-24,2022,11,24,4,6,47,prathamesh,2025-02-26 16:04:25
1694,2022-11-25,2022,11,25,4,7,47,prathamesh,2025-02-26 16:04:25
1695,2022-11-26,2022,11,26,4,1,48,prathamesh,2025-02-26 16:04:25
1696,2022-11-27,2022,11,27,4,2,48,prathamesh,2025-02-26 16:04:25
1697,2022-11-28,2022,11,28,4,3,48,prathamesh,2025-02-26 16:04:25
1698,2022-11-29,2022,11,29,4,4,48,prathamesh,2025-02-26 16:04:25
1699,2022-11-30,2022,11,30,4,5,48,prathamesh,2025-02-26 16:04:25
1700,2022-12-01,2022,12,1,4,6,48,prathamesh,2025-02-26 16:04:25
1701,2022-12-02,2022,12,2,4,7,48,prathamesh,2025-02-26 16:04:25
1702,2022-12-03,2022,12,3,4,1,49,prathamesh,2025-02-26 16:04:25
1703,2022-12-04,2022,12,4,4,2,49,prathamesh,2025-02-26 16:04:25
1704,2022-12-05,2022,12,5,4,3,49,prathamesh,2025-02-26 16:04:25
1705,2022-12-06,2022,12,6,4,4,49,prathamesh,2025-02-26 16:04:25
1706,2022-12-07,2022,12,7,4,5,49,prathamesh,2025-02-26 16:04:25
1707,2022-12-08,2022,12,8,4,6,49,prathamesh,2025-02-26 16:04:25
1708,2022-12-09,2022,12,9,4,7,49,prathamesh,2025-02-26 16:04:25
1709,2022-12-10,2022,12,10,4,1,50,prathamesh,2025-02-26 16:04:25
1710,2022-12-11,2022,12,11,4,2,50,prathamesh,2025-02-26 16:04:25
1711,2022-12-12,2022,12,12,4,3,50,prathamesh,2025-02-26 16:04:25
1712,2022-12-13,2022,12,13,4,4,50,prathamesh,2025-02-26 16:04:25
1713,2022-12-14,2022,12,14,4,5,50,prathamesh,2025-02-26 16:04:25
1714,2022-12-15,2022,12,15,4,6,50,prathamesh,2025-02-26 16:04:25
1715,2022-12-16,2022,12,16,4,7,50,prathamesh,2025-02-26 16:04:25
1716,2022-12-17,2022,12,17,4,1,51,prathamesh,2025-02-26 16:04:25
1717,2022-12-18,2022,12,18,4,2,51,prathamesh,2025-02-26 16:04:25
1718,2022-12-19,2022,12,19,4,3,51,prathamesh,2025-02-26 16:04:25
1719,2022-12-20,2022,12,20,4,4,51,prathamesh,2025-02-26 16:04:25
1720,2022-12-21,2022,12,21,4,5,51,prathamesh,2025-02-26 16:04:25
1721,2022-12-22,2022,12,22,4,6,51,prathamesh,2025-02-26 16:04:25
1722,2022-12-23,2022,12,23,4,7,51,prathamesh,2025-02-26 16:04:25
1723,2022-12-24,2022,12,24,4,1,52,prathamesh,2025-02-26 16:04:25
1724,2022-12-25,2022,12,25,4,2,52,prathamesh,2025-02-26 16:04:25
1725,2022-12-26,2022,12,26,4,3,52,prathamesh,2025-02-26 16:04:25
1726,2022-12-27,2022,12,27,4,4,52,prathamesh,2025-02-26 16:04:25
1727,2022-12-28,2022,12,28,4,5,52,prathamesh,2025-02-26 16:04:25
1728,2022-12-29,2022,12,29,4,6,52,prathamesh,2025-02-26 16:04:25
1729,2022-12-30,2022,12,30,4,7,52,prathamesh,2025-02-26 16:04:25
1730,2022-12-31,2022,12,31,4,1,1,prathamesh,2025-02-26 16:04:25
1731,2023-01-01,2023,1,1,1,2,1,prathamesh,2025-02-26 16:04:25
1732,2023-01-02,2023,1,2,1,3,1,prathamesh,2025-02-26 16:04:25
1733,2023-01-03,2023,1,3,1,4,1,prathamesh,2025-02-26 16:04:25
1734,2023-01-04,2023,1,4,1,5,1,prathamesh,2025-02-26 16:04:25
1735,2023-01-05,2023,1,5,1,6,1,prathamesh,2025-02-26 16:04:25
1736,2023-01-06,2023,1,6,1,7,1,prathamesh,2025-02-26 16:04:25
1737,2023-01-07,2023,1,7,1,1,2,prathamesh,2025-02-26 16:04:25
1738,2023-01-08,2023,1,8,1,2,2,prathamesh,2025-02-26 16:04:25
1739,2023-01-09,2023,1,9,1,3,2,prathamesh,2025-02-26 16:04:25
1740,2023-01-10,2023,1,10,1,4,2,prathamesh,2025-02-26 16:04:25
1741,2023-01-11,2023,1,11,1,5,2,prathamesh,2025-02-26 16:04:25
1742,2023-01-12,2023,1,12,1,6,2,prathamesh,2025-02-26 16:04:25
1743,2023-01-13,2023,1,13,1,7,2,prathamesh,2025-02-26 16:04:25
1744,2023-01-14,2023,1,14,1,1,3,prathamesh,2025-02-26 16:04:25
1745,2023-01-15,2023,1,15,1,2,3,prathamesh,2025-02-26 16:04:25
1746,2023-01-16,2023,1,16,1,3,3,prathamesh,2025-02-26 16:04:25
1747,2023-01-17,2023,1,17,1,4,3,prathamesh,2025-02-26 16:04:25
1748,2023-01-18,2023,1,18,1,5,3,prathamesh,2025-02-26 16:04:25
1749,2023-01-19,2023,1,19,1,6,3,prathamesh,2025-02-26 16:04:25
1750,2023-01-20,2023,1,20,1,7,3,prathamesh,2025-02-26 16:04:25
1751,2023-01-21,2023,1,21,1,1,4,prathamesh,2025-02-26 16:04:25
1752,2023-01-22,2023,1,22,1,2,4,prathamesh,2025-02-26 16:04:25
1753,2023-01-23,2023,1,23,1,3,4,prathamesh,2025-02-26 16:04:25
1754,2023-01-24,2023,1,24,1,4,4,prathamesh,2025-02-26 16:04:25
1755,2023-01-25,2023,1,25,1,5,4,prathamesh,2025-02-26 16:04:25
1756,2023-01-26,2023,1,26,1,6,4,prathamesh,2025-02-26 16:04:25
1757,2023-01-27,2023,1,27,1,7,4,prathamesh,2025-02-26 16:04:25
1758,2023-01-28,2023,1,28,1,1,5,prathamesh,2025-02-26 16:04:25
1759,2023-01-29,2023,1,29,1,2,5,prathamesh,2025-02-26 16:04:25
1760,2023-01-30,2023,1,30,1,3,5,prathamesh,2025-02-26 16:04:25
1761,2023-01-31,2023,1,31,1,4,5,prathamesh,2025-02-26 16:04:25
1762,2023-02-01,2023,2,1,1,5,5,prathamesh,2025-02-26 16:04:25
1763,2023-02-02,2023,2,2,1,6,5,prathamesh,2025-02-26 16:04:25
1764,2023-02-03,2023,2,3,1,7,5,prathamesh,2025-02-26 16:04:25
1765,2023-02-04,2023,2,4,1,1,6,prathamesh,2025-02-26 16:04:25
1766,2023-02-05,2023,2,5,1,2,6,prathamesh,2025-02-26 16:04:25
1767,2023-02-06,2023,2,6,1,3,6,prathamesh,2025-02-26 16:04:25
1768,2023-02-07,2023,2,7,1,4,6,prathamesh,2025-02-26 16:04:25
1769,2023-02-08,2023,2,8,1,5,6,prathamesh,2025-02-26 16:04:25
1770,2023-02-09,2023,2,9,1,6,6,prathamesh,2025-02-26 16:04:25
1771,2023-02-10,2023,2,10,1,7,6,prathamesh,2025-02-26 16:04:25
1772,2023-02-11,2023,2,11,1,1,7,prathamesh,2025-02-26 16:04:25
1773,2023-02-12,2023,2,12,1,2,7,prathamesh,2025-02-26 16:04:25
1774,2023-02-13,2023,2,13,1,3,7,prathamesh,2025-02-26 16:04:25
1775,2023-02-14,2023,2,14,1,4,7,prathamesh,2025-02-26 16:04:25
1776,2023-02-15,2023,2,15,1,5,7,prathamesh,2025-02-26 16:04:25
1777,2023-02-16,2023,2,16,1,6,7,prathamesh,2025-02-26 16:04:25
1778,2023-02-17,2023,2,17,1,7,7,prathamesh,2025-02-26 16:04:25
1779,2023-02-18,2023,2,18,1,1,8,prathamesh,2025-02-26 16:04:25
1780,2023-02-19,2023,2,19,1,2,8,prathamesh,2025-02-26 16:04:25
1781,2023-02-20,2023,2,20,1,3,8,prathamesh,2025-02-26 16:04:25
1782,2023-02-21,2023,2,21,1,4,8,prathamesh,2025-02-26 16:04:25
1783,2023-02-22,2023,2,22,1,5,8,prathamesh,2025-02-26 16:04:25
1784,2023-02-23,2023,2,23,1,6,8,prathamesh,2025-02-26 16:04:25
1785,2023-02-24,2023,2,24,1,7,8,prathamesh,2025-02-26 16:04:25
1786,2023-02-25,2023,2,25,1,1,9,prathamesh,2025-02-26 16:04:25
1787,2023-02-26,2023,2,26,1,2,9,prathamesh,2025-02-26 16:04:25
1788,2023-02-27,2023,2,27,1,3,9,prathamesh,2025-02-26 16:04:25
1789,2023-02-28,2023,2,28,1,4,9,prathamesh,2025-02-26 16:04:25
1790,2023-03-01,2023,3,1,1,5,9,prathamesh,2025-02-26 16:04:25
1791,2023-03-02,2023,3,2,1,6,9,prathamesh,2025-02-26 16:04:25
1792,2023-03-03,2023,3,3,1,7,9,prathamesh,2025-02-26 16:04:25
1793,2023-03-04,2023,3,4,1,1,10,prathamesh,2025-02-26 16:04:25
1794,2023-03-05,2023,3,5,1,2,10,prathamesh,2025-02-26 16:04:25
1795,2023-03-06,2023,3,6,1,3,10,prathamesh,2025-02-26 16:04:25
1796,2023-03-07,2023,3,7,1,4,10,prathamesh,2025-02-26 16:04:25
1797,2023-03-08,2023,3,8,1,5,10,prathamesh,2025-02-26 16:04:25
1798,2023-03-09,2023,3,9,1,6,10,prathamesh,2025-02-26 16:04:25
1799,2023-03-10,2023,3,10,1,7,10,prathamesh,2025-02-26 16:04:25
1800,2023-03-11,2023,3,11,1,1,11,prathamesh,2025-02-26 16:04:25
1801,2023-03-12,2023,3,12,1,2,11,prathamesh,2025-02-26 16:04:25
1802,2023-03-13,2023,3,13,1,3,11,prathamesh,2025-02-26 16:04:25
1803,2023-03-14,2023,3,14,1,4,11,prathamesh,2025-02-26 16:04:25
1804,2023-03-15,2023,3,15,1,5,11,prathamesh,2025-02-26 16:04:25
1805,2023-03-16,2023,3,16,1,6,11,prathamesh,2025-02-26 16:04:25
1806,2023-03-17,2023,3,17,1,7,11,prathamesh,2025-02-26 16:04:25
1807,2023-03-18,2023,3,18,1,1,12,prathamesh,2025-02-26 16:04:25
1808,2023-03-19,2023,3,19,1,2,12,prathamesh,2025-02-26 16:04:25
1809,2023-03-20,2023,3,20,1,3,12,prathamesh,2025-02-26 16:04:25
1810,2023-03-21,2023,3,21,1,4,12,prathamesh,2025-02-26 16:04:25
1811,2023-03-22,2023,3,22,1,5,12,prathamesh,2025-02-26 16:04:25
1812,2023-03-23,2023,3,23,1,6,12,prathamesh,2025-02-26 16:04:25
1813,2023-03-24,2023,3,24,1,7,12,prathamesh,2025-02-26 16:04:25
1814,2023-03-25,2023,3,25,1,1,13,prathamesh,2025-02-26 16:04:25
1815,2023-03-26,2023,3,26,1,2,13,prathamesh,2025-02-26 16:04:25
1816,2023-03-27,2023,3,27,1,3,13,prathamesh,2025-02-26 16:04:25
1817,2023-03-28,2023,3,28,1,4,13,prathamesh,2025-02-26 16:04:25
1818,2023-03-29,2023,3,29,1,5,13,prathamesh,2025-02-26 16:04:25
1819,2023-03-30,2023,3,30,1,6,13,prathamesh,2025-02-26 16:04:25
1820,2023-03-31,2023,3,31,1,7,13,prathamesh,2025-02-26 16:04:25
1821,2023-04-01,2023,4,1,2,1,14,prathamesh,2025-02-26 16:04:25
1822,2023-04-02,2023,4,2,2,2,14,prathamesh,2025-02-26 16:04:25
1823,2023-04-03,2023,4,3,2,3,14,prathamesh,2025-02-26 16:04:25
1824,2023-04-04,2023,4,4,2,4,14,prathamesh,2025-02-26 16:04:25
1825,2023-04-05,2023,4,5,2,5,14,prathamesh,2025-02-26 16:04:25
1826,2023-04-06,2023,4,6,2,6,14,prathamesh,2025-02-26 16:04:25
1827,2023-04-07,2023,4,7,2,7,14,prathamesh,2025-02-26 16:04:25
1828,2023-04-08,2023,4,8,2,1,15,prathamesh,2025-02-26 16:04:25
1829,2023-04-09,2023,4,9,2,2,15,prathamesh,2025-02-26 16:04:25
1830,2023-04-10,2023,4,10,2,3,15,prathamesh,2025-02-26 16:04:25
1831,2023-04-11,2023,4,11,2,4,15,prathamesh,2025-02-26 16:04:25
1832,2023-04-12,2023,4,12,2,5,15,prathamesh,2025-02-26 16:04:25
1833,2023-04-13,2023,4,13,2,6,15,prathamesh,2025-02-26 16:04:25
1834,2023-04-14,2023,4,14,2,7,15,prathamesh,2025-02-26 16:04:25
1835,2023-04-15,2023,4,15,2,1,16,prathamesh,2025-02-26 16:04:25
1836,2023-04-16,2023,4,16,2,2,16,prathamesh,2025-02-26 16:04:25
1837,2023-04-17,2023,4,17,2,3,16,prathamesh,2025-02-26 16:04:25
1838,2023-04-18,2023,4,18,2,4,16,prathamesh,2025-02-26 16:04:25
1839,2023-04-19,2023,4,19,2,5,16,prathamesh,2025-02-26 16:04:25
1840,2023-04-20,2023,4,20,2,6,16,prathamesh,2025-02-26 16:04:25
1841,2023-04-21,2023,4,21,2,7,16,prathamesh,2025-02-26 16:04:25
1842,2023-04-22,2023,4,22,2,1,17,prathamesh,2025-02-26 16:04:25
1843,2023-04-23,2023,4,23,2,2,17,prathamesh,2025-02-26 16:04:25
1844,2023-04-24,2023,4,24,2,3,17,prathamesh,2025-02-26 16:04:25
1845,2023-04-25,2023,4,25,2,4,17,prathamesh,2025-02-26 16:04:25
1846,2023-04-26,2023,4,26,2,5,17,prathamesh,2025-02-26 16:04:25
1847,2023-04-27,2023,4,27,2,6,17,prathamesh,2025-02-26 16:04:25
1848,2023-04-28,2023,4,28,2,7,17,prathamesh,2025-02-26 16:04:25
1849,2023-04-29,2023,4,29,2,1,18,prathamesh,2025-02-26 16:04:25
1850,2023-04-30,2023,4,30,2,2,18,prathamesh,2025-02-26 16:04:25
1851,2023-05-01,2023,5,1,2,3,18,prathamesh,2025-02-26 16:04:25
1852,2023-05-02,2023,5,2,2,4,18,prathamesh,2025-02-26 16:04:25
1853,2023-05-03,2023,5,3,2,5,18,prathamesh,2025-02-26 16:04:25
1854,2023-05-04,2023,5,4,2,6,18,prathamesh,2025-02-26 16:04:25
1855,2023-05-05,2023,5,5,2,7,18,prathamesh,2025-02-26 16:04:25
1856,2023-05-06,2023,5,6,2,1,19,prathamesh,2025-02-26 16:04:25
1857,2023-05-07,2023,5,7,2,2,19,prathamesh,2025-02-26 16:04:25
1858,2023-05-08,2023,5,8,2,3,19,prathamesh,2025-02-26 16:04:25
1859,2023-05-09,2023,5,9,2,4,19,prathamesh,2025-02-26 16:04:25
1860,2023-05-10,2023,5,10,2,5,19,prathamesh,2025-02-26 16:04:25
1861,2023-05-11,2023,5,11,2,6,19,prathamesh,2025-02-26 16:04:25
1862,2023-05-12,2023,5,12,2,7,19,prathamesh,2025-02-26 16:04:25
1863,2023-05-13,2023,5,13,2,1,20,prathamesh,2025-02-26 16:04:25
1864,2023-05-14,2023,5,14,2,2,20,prathamesh,2025-02-26 16:04:25
1865,2023-05-15,2023,5,15,2,3,20,prathamesh,2025-02-26 16:04:25
1866,2023-05-16,2023,5,16,2,4,20,prathamesh,2025-02-26 16:04:25
1867,2023-05-17,2023,5,17,2,5,20,prathamesh,2025-02-26 16:04:25
1868,2023-05-18,2023,5,18,2,6,20,prathamesh,2025-02-26 16:04:25
1869,2023-05-19,2023,5,19,2,7,20,prathamesh,2025-02-26 16:04:25
1870,2023-05-20,2023,5,20,2,1,21,prathamesh,2025-02-26 16:04:25
1871,2023-05-21,2023,5,21,2,2,21,prathamesh,2025-02-26 16:04:25
1872,2023-05-22,2023,5,22,2,3,21,prathamesh,2025-02-26 16:04:25
1873,2023-05-23,2023,5,23,2,4,21,prathamesh,2025-02-26 16:04:25
1874,2023-05-24,2023,5,24,2,5,21,prathamesh,2025-02-26 16:04:25
1875,2023-05-25,2023,5,25,2,6,21,prathamesh,2025-02-26 16:04:25
1876,2023-05-26,2023,5,26,2,7,21,prathamesh,2025-02-26 16:04:25
1877,2023-05-27,2023,5,27,2,1,22,prathamesh,2025-02-26 16:04:25
1878,2023-05-28,2023,5,28,2,2,22,prathamesh,2025-02-26 16:04:25
1879,2023-05-29,2023,5,29,2,3,22,prathamesh,2025-02-26 16:04:25
1880,2023-05-30,2023,5,30,2,4,22,prathamesh,2025-02-26 16:04:25
1881,2023-05-31,2023,5,31,2,5,22,prathamesh,2025-02-26 16:04:25
1882,2023-06-01,2023,6,1,2,6,22,prathamesh,2025-02-26 16:04:25
1883,2023-06-02,2023,6,2,2,7,22,prathamesh,2025-02-26 16:04:25
1884,2023-06-03,2023,6,3,2,1,23,prathamesh,2025-02-26 16:04:25
1885,2023-06-04,2023,6,4,2,2,23,prathamesh,2025-02-26 16:04:25
1886,2023-06-05,2023,6,5,2,3,23,prathamesh,2025-02-26 16:04:25
1887,2023-06-06,2023,6,6,2,4,23,prathamesh,2025-02-26 16:04:25
1888,2023-06-07,2023,6,7,2,5,23,prathamesh,2025-02-26 16:04:25
1889,2023-06-08,2023,6,8,2,6,23,prathamesh,2025-02-26 16:04:25
1890,2023-06-09,2023,6,9,2,7,23,prathamesh,2025-02-26 16:04:25
1891,2023-06-10,2023,6,10,2,1,24,prathamesh,2025-02-26 16:04:25
1892,2023-06-11,2023,6,11,2,2,24,prathamesh,2025-02-26 16:04:25
1893,2023-06-12,2023,6,12,2,3,24,prathamesh,2025-02-26 16:04:25
1894,2023-06-13,2023,6,13,2,4,24,prathamesh,2025-02-26 16:04:25
1895,2023-06-14,2023,6,14,2,5,24,prathamesh,2025-02-26 16:04:25
1896,2023-06-15,2023,6,15,2,6,24,prathamesh,2025-02-26 16:04:25
1897,2023-06-16,2023,6,16,2,7,24,prathamesh,2025-02-26 16:04:25
1898,2023-06-17,2023,6,17,2,1,25,prathamesh,2025-02-26 16:04:25
1899,2023-06-18,2023,6,18,2,2,25,prathamesh,2025-02-26 16:04:25
1900,2023-06-19,2023,6,19,2,3,25,prathamesh,2025-02-26 16:04:25
1901,2023-06-20,2023,6,20,2,4,25,prathamesh,2025-02-26 16:04:25
1902,2023-06-21,2023,6,21,2,5,25,prathamesh,2025-02-26 16:04:25
1903,2023-06-22,2023,6,22,2,6,25,prathamesh,2025-02-26 16:04:25
1904,2023-06-23,2023,6,23,2,7,25,prathamesh,2025-02-26 16:04:25
1905,2023-06-24,2023,6,24,2,1,26,prathamesh,2025-02-26 16:04:25
1906,2023-06-25,2023,6,25,2,2,26,prathamesh,2025-02-26 16:04:25
1907,2023-06-26,2023,6,26,2,3,26,prathamesh,2025-02-26 16:04:25
1908,2023-06-27,2023,6,27,2,4,26,prathamesh,2025-02-26 16:04:25
1909,2023-06-28,2023,6,28,2,5,26,prathamesh,2025-02-26 16:04:25
1910,2023-06-29,2023,6,29,2,6,26,prathamesh,2025-02-26 16:04:25
1911,2023-06-30,2023,6,30,2,7,26,prathamesh,2025-02-26 16:04:25
1912,2023-07-01,2023,7,1,3,1,27,prathamesh,2025-02-26 16:04:25
1913,2023-07-02,2023,7,2,3,2,27,prathamesh,2025-02-26 16:04:25
1914,2023-07-03,2023,7,3,3,3,27,prathamesh,2025-02-26 16:04:25
1915,2023-07-04,2023,7,4,3,4,27,prathamesh,2025-02-26 16:04:25
1916,2023-07-05,2023,7,5,3,5,27,prathamesh,2025-02-26 16:04:25
1917,2023-07-06,2023,7,6,3,6,27,prathamesh,2025-02-26 16:04:25
1918,2023-07-07,2023,7,7,3,7,27,prathamesh,2025-02-26 16:04:25
1919,2023-07-08,2023,7,8,3,1,28,prathamesh,2025-02-26 16:04:25
1920,2023-07-09,2023,7,9,3,2,28,prathamesh,2025-02-26 16:04:25
1921,2023-07-10,2023,7,10,3,3,28,prathamesh,2025-02-26 16:04:25
1922,2023-07-11,2023,7,11,3,4,28,prathamesh,2025-02-26 16:04:25
1923,2023-07-12,2023,7,12,3,5,28,prathamesh,2025-02-26 16:04:25
1924,2023-07-13,2023,7,13,3,6,28,prathamesh,2025-02-26 16:04:25
1925,2023-07-14,2023,7,14,3,7,28,prathamesh,2025-02-26 16:04:25
1926,2023-07-15,2023,7,15,3,1,29,prathamesh,2025-02-26 16:04:25
1927,2023-07-16,2023,7,16,3,2,29,prathamesh,2025-02-26 16:04:25
1928,2023-07-17,2023,7,17,3,3,29,prathamesh,2025-02-26 16:04:25
1929,2023-07-18,2023,7,18,3,4,29,prathamesh,2025-02-26 16:04:25
1930,2023-07-19,2023,7,19,3,5,29,prathamesh,2025-02-26 16:04:25
1931,2023-07-20,2023,7,20,3,6,29,prathamesh,2025-02-26 16:04:25
1932,2023-07-21,2023,7,21,3,7,29,prathamesh,2025-02-26 16:04:25
1933,2023-07-22,2023,7,22,3,1,30,prathamesh,2025-02-26 16:04:25
1934,2023-07-23,2023,7,23,3,2,30,prathamesh,2025-02-26 16:04:25
1935,2023-07-24,2023,7,24,3,3,30,prathamesh,2025-02-26 16:04:25
1936,2023-07-25,2023,7,25,3,4,30,prathamesh,2025-02-26 16:04:25
1937,2023-07-26,2023,7,26,3,5,30,prathamesh,2025-02-26 16:04:25
1938,2023-07-27,2023,7,27,3,6,30,prathamesh,2025-02-26 16:04:25
1939,2023-07-28,2023,7,28,3,7,30,prathamesh,2025-02-26 16:04:25
1940,2023-07-29,2023,7,29,3,1,31,prathamesh,2025-02-26 16:04:25
1941,2023-07-30,2023,7,30,3,2,31,prathamesh,2025-02-26 16:04:25
1942,2023-07-31,2023,7,31,3,3,31,prathamesh,2025-02-26 16:04:25
1943,2023-08-01,2023,8,1,3,4,31,prathamesh,2025-02-26 16:04:25
1944,2023-08-02,2023,8,2,3,5,31,prathamesh,2025-02-26 16:04:25
1945,2023-08-03,2023,8,3,3,6,31,prathamesh,2025-02-26 16:04:25
1946,2023-08-04,2023,8,4,3,7,31,prathamesh,2025-02-26 16:04:25
1947,2023-08-05,2023,8,5,3,1,32,prathamesh,2025-02-26 16:04:25
1948,2023-08-06,2023,8,6,3,2,32,prathamesh,2025-02-26 16:04:25
1949,2023-08-07,2023,8,7,3,3,32,prathamesh,2025-02-26 16:04:25
1950,2023-08-08,2023,8,8,3,4,32,prathamesh,2025-02-26 16:04:25
1951,2023-08-09,2023,8,9,3,5,32,prathamesh,2025-02-26 16:04:25
1952,2023-08-10,2023,8,10,3,6,32,prathamesh,2025-02-26 16:04:25
1953,2023-08-11,2023,8,11,3,7,32,prathamesh,2025-02-26 16:04:25
1954,2023-08-12,2023,8,12,3,1,33,prathamesh,2025-02-26 16:04:25
1955,2023-08-13,2023,8,13,3,2,33,prathamesh,2025-02-26 16:04:25
1956,2023-08-14,2023,8,14,3,3,33,prathamesh,2025-02-26 16:04:25
1957,2023-08-15,2023,8,15,3,4,33,prathamesh,2025-02-26 16:04:25
1958,2023-08-16,2023,8,16,3,5,33,prathamesh,2025-02-26 16:04:25
1959,2023-08-17,2023,8,17,3,6,33,prathamesh,2025-02-26 16:04:25
1960,2023-08-18,2023,8,18,3,7,33,prathamesh,2025-02-26 16:04:25
1961,2023-08-19,2023,8,19,3,1,34,prathamesh,2025-02-26 16:04:25
1962,2023-08-20,2023,8,20,3,2,34,prathamesh,2025-02-26 16:04:25
1963,2023-08-21,2023,8,21,3,3,34,prathamesh,2025-02-26 16:04:25
1964,2023-08-22,2023,8,22,3,4,34,prathamesh,2025-02-26 16:04:25
1965,2023-08-23,2023,8,23,3,5,34,prathamesh,2025-02-26 16:04:25
1966,2023-08-24,2023,8,24,3,6,34,prathamesh,2025-02-26 16:04:25
1967,2023-08-25,2023,8,25,3,7,34,prathamesh,2025-02-26 16:04:25
1968,2023-08-26,2023,8,26,3,1,35,prathamesh,2025-02-26 16:04:25
1969,2023-08-27,2023,8,27,3,2,35,prathamesh,2025-02-26 16:04:25
1970,2023-08-28,2023,8,28,3,3,35,prathamesh,2025-02-26 16:04:25
1971,2023-08-29,2023,8,29,3,4,35,prathamesh,2025-02-26 16:04:25
1972,2023-08-30,2023,8,30,3,5,35,prathamesh,2025-02-26 16:04:25
1973,2023-08-31,2023,8,31,3,6,35,prathamesh,2025-02-26 16:04:25
1974,2023-09-01,2023,9,1,3,7,35,prathamesh,2025-02-26 16:04:25
1975,2023-09-02,2023,9,2,3,1,36,prathamesh,2025-02-26 16:04:25
1976,2023-09-03,2023,9,3,3,2,36,prathamesh,2025-02-26 16:04:25
1977,2023-09-04,2023,9,4,3,3,36,prathamesh,2025-02-26 16:04:25
1978,2023-09-05,2023,9,5,3,4,36,prathamesh,2025-02-26 16:04:25
1979,2023-09-06,2023,9,6,3,5,36,prathamesh,2025-02-26 16:04:25
1980,2023-09-07,2023,9,7,3,6,36,prathamesh,2025-02-26 16:04:25
1981,2023-09-08,2023,9,8,3,7,36,prathamesh,2025-02-26 16:04:25
1982,2023-09-09,2023,9,9,3,1,37,prathamesh,2025-02-26 16:04:25
1983,2023-09-10,2023,9,10,3,2,37,prathamesh,2025-02-26 16:04:25
1984,2023-09-11,2023,9,11,3,3,37,prathamesh,2025-02-26 16:04:25
1985,2023-09-12,2023,9,12,3,4,37,prathamesh,2025-02-26 16:04:25
1986,2023-09-13,2023,9,13,3,5,37,prathamesh,2025-02-26 16:04:25
1987,2023-09-14,2023,9,14,3,6,37,prathamesh,2025-02-26 16:04:25
1988,2023-09-15,2023,9,15,3,7,37,prathamesh,2025-02-26 16:04:25
1989,2023-09-16,2023,9,16,3,1,38,prathamesh,2025-02-26 16:04:25
1990,2023-09-17,2023,9,17,3,2,38,prathamesh,2025-02-26 16:04:25
1991,2023-09-18,2023,9,18,3,3,38,prathamesh,2025-02-26 16:04:25
1992,2023-09-19,2023,9,19,3,4,38,prathamesh,2025-02-26 16:04:25
1993,2023-09-20,2023,9,20,3,5,38,prathamesh,2025-02-26 16:04:25
1994,2023-09-21,2023,9,21,3,6,38,prathamesh,2025-02-26 16:04:25
1995,2023-09-22,2023,9,22,3,7,38,prathamesh,2025-02-26 16:04:25
1996,2023-09-23,2023,9,23,3,1,39,prathamesh,2025-02-26 16:04:25
1997,2023-09-24,2023,9,24,3,2,39,prathamesh,2025-02-26 16:04:25
1998,2023-09-25,2023,9,25,3,3,39,prathamesh,2025-02-26 16:04:25
1999,2023-09-26,2023,9,26,3,4,39,prathamesh,2025-02-26 16:04:25
2000,2023-09-27,2023,9,27,3,5,39,prathamesh,2025-02-26 16:04:25
2001,2023-09-28,2023,9,28,3,6,39,prathamesh,2025-02-26 16:04:25
2002,2023-09-29,2023,9,29,3,7,39,prathamesh,2025-02-26 16:04:25
2003,2023-09-30,2023,9,30,3,1,40,prathamesh,2025-02-26 16:04:25
2004,2023-10-01,2023,10,1,4,2,40,prathamesh,2025-02-26 16:04:25
2005,2023-10-02,2023,10,2,4,3,40,prathamesh,2025-02-26 16:04:25
2006,2023-10-03,2023,10,3,4,4,40,prathamesh,2025-02-26 16:04:25
2007,2023-10-04,2023,10,4,4,5,40,prathamesh,2025-02-26 16:04:25
2008,2023-10-05,2023,10,5,4,6,40,prathamesh,2025-02-26 16:04:25
2009,2023-10-06,2023,10,6,4,7,40,prathamesh,2025-02-26 16:04:25
2010,2023-10-07,2023,10,7,4,1,41,prathamesh,2025-02-26 16:04:25
2011,2023-10-08,2023,10,8,4,2,41,prathamesh,2025-02-26 16:04:25
2012,2023-10-09,2023,10,9,4,3,41,prathamesh,2025-02-26 16:04:25
2013,2023-10-10,2023,10,10,4,4,41,prathamesh,2025-02-26 16:04:25
2014,2023-10-11,2023,10,11,4,5,41,prathamesh,2025-02-26 16:04:25
2015,2023-10-12,2023,10,12,4,6,41,prathamesh,2025-02-26 16:04:25
2016,2023-10-13,2023,10,13,4,7,41,prathamesh,2025-02-26 16:04:25
2017,2023-10-14,2023,10,14,4,1,42,prathamesh,2025-02-26 16:04:25
2018,2023-10-15,2023,10,15,4,2,42,prathamesh,2025-02-26 16:04:25
2019,2023-10-16,2023,10,16,4,3,42,prathamesh,2025-02-26 16:04:25
2020,2023-10-17,2023,10,17,4,4,42,prathamesh,2025-02-26 16:04:25
2021,2023-10-18,2023,10,18,4,5,42,prathamesh,2025-02-26 16:04:25
2022,2023-10-19,2023,10,19,4,6,42,prathamesh,2025-02-26 16:04:25
2023,2023-10-20,2023,10,20,4,7,42,prathamesh,2025-02-26 16:04:25
2024,2023-10-21,2023,10,21,4,1,43,prathamesh,2025-02-26 16:04:25
2025,2023-10-22,2023,10,22,4,2,43,prathamesh,2025-02-26 16:04:25
2026,2023-10-23,2023,10,23,4,3,43,prathamesh,2025-02-26 16:04:25
2027,2023-10-24,2023,10,24,4,4,43,prathamesh,2025-02-26 16:04:25
2028,2023-10-25,2023,10,25,4,5,43,prathamesh,2025-02-26 16:04:25
2029,2023-10-26,2023,10,26,4,6,43,prathamesh,2025-02-26 16:04:25
2030,2023-10-27,2023,10,27,4,7,43,prathamesh,2025-02-26 16:04:25
2031,2023-10-28,2023,10,28,4,1,44,prathamesh,2025-02-26 16:04:25
2032,2023-10-29,2023,10,29,4,2,44,prathamesh,2025-02-26 16:04:25
2033,2023-10-30,2023,10,30,4,3,44,prathamesh,2025-02-26 16:04:25
2034,2023-10-31,2023,10,31,4,4,44,prathamesh,2025-02-26 16:04:25
2035,2023-11-01,2023,11,1,4,5,44,prathamesh,2025-02-26 16:04:25
2036,2023-11-02,2023,11,2,4,6,44,prathamesh,2025-02-26 16:04:25
2037,2023-11-03,2023,11,3,4,7,44,prathamesh,2025-02-26 16:04:25
2038,2023-11-04,2023,11,4,4,1,45,prathamesh,2025-02-26 16:04:25
2039,2023-11-05,2023,11,5,4,2,45,prathamesh,2025-02-26 16:04:25
2040,2023-11-06,2023,11,6,4,3,45,prathamesh,2025-02-26 16:04:25
2041,2023-11-07,2023,11,7,4,4,45,prathamesh,2025-02-26 16:04:25
2042,2023-11-08,2023,11,8,4,5,45,prathamesh,2025-02-26 16:04:25
2043,2023-11-09,2023,11,9,4,6,45,prathamesh,2025-02-26 16:04:25
2044,2023-11-10,2023,11,10,4,7,45,prathamesh,2025-02-26 16:04:25
2045,2023-11-11,2023,11,11,4,1,46,prathamesh,2025-02-26 16:04:25
2046,2023-11-12,2023,11,12,4,2,46,prathamesh,2025-02-26 16:04:25
2047,2023-11-13,2023,11,13,4,3,46,prathamesh,2025-02-26 16:04:25
2048,2023-11-14,2023,11,14,4,4,46,prathamesh,2025-02-26 16:04:25
2049,2023-11-15,2023,11,15,4,5,46,prathamesh,2025-02-26 16:04:25
2050,2023-11-16,2023,11,16,4,6,46,prathamesh,2025-02-26 16:04:25
2051,2023-11-17,2023,11,17,4,7,46,prathamesh,2025-02-26 16:04:25
2052,2023-11-18,2023,11,18,4,1,47,prathamesh,2025-02-26 16:04:25
2053,2023-11-19,2023,11,19,4,2,47,prathamesh,2025-02-26 16:04:25
2054,2023-11-20,2023,11,20,4,3,47,prathamesh,2025-02-26 16:04:25
2055,2023-11-21,2023,11,21,4,4,47,prathamesh,2025-02-26 16:04:25
2056,2023-11-22,2023,11,22,4,5,47,prathamesh,2025-02-26 16:04:25
2057,2023-11-23,2023,11,23,4,6,47,prathamesh,2025-02-26 16:04:25
2058,2023-11-24,2023,11,24,4,7,47,prathamesh,2025-02-26 16:04:25
2059,2023-11-25,2023,11,25,4,1,48,prathamesh,2025-02-26 16:04:25
2060,2023-11-26,2023,11,26,4,2,48,prathamesh,2025-02-26 16:04:25
2061,2023-11-27,2023,11,27,4,3,48,prathamesh,2025-02-26 16:04:25
2062,2023-11-28,2023,11,28,4,4,48,prathamesh,2025-02-26 16:04:25
2063,2023-11-29,2023,11,29,4,5,48,prathamesh,2025-02-26 16:04:25
2064,2023-11-30,2023,11,30,4,6,48,prathamesh,2025-02-26 16:04:25
2065,2023-12-01,2023,12,1,4,7,48,prathamesh,2025-02-26 16:04:25
2066,2023-12-02,2023,12,2,4,1,49,prathamesh,2025-02-26 16:04:25
2067,2023-12-03,2023,12,3,4,2,49,prathamesh,2025-02-26 16:04:25
2068,2023-12-04,2023,12,4,4,3,49,prathamesh,2025-02-26 16:04:25
2069,2023-12-05,2023,12,5,4,4,49,prathamesh,2025-02-26 16:04:25
2070,2023-12-06,2023,12,6,4,5,49,prathamesh,2025-02-26 16:04:25
2071,2023-12-07,2023,12,7,4,6,49,prathamesh,2025-02-26 16:04:25
2072,2023-12-08,2023,12,8,4,7,49,prathamesh,2025-02-26 16:04:25
2073,2023-12-09,2023,12,9,4,1,50,prathamesh,2025-02-26 16:04:25
2074,2023-12-10,2023,12,10,4,2,50,prathamesh,2025-02-26 16:04:25
2075,2023-12-11,2023,12,11,4,3,50,prathamesh,2025-02-26 16:04:25
2076,2023-12-12,2023,12,12,4,4,50,prathamesh,2025-02-26 16:04:25
2077,2023-12-13,2023,12,13,4,5,50,prathamesh,2025-02-26 16:04:25
2078,2023-12-14,2023,12,14,4,6,50,prathamesh,2025-02-26 16:04:25
2079,2023-12-15,2023,12,15,4,7,50,prathamesh,2025-02-26 16:04:25
2080,2023-12-16,2023,12,16,4,1,51,prathamesh,2025-02-26 16:04:25
2081,2023-12-17,2023,12,17,4,2,51,prathamesh,2025-02-26 16:04:25
2082,2023-12-18,2023,12,18,4,3,51,prathamesh,2025-02-26 16:04:25
2083,2023-12-19,2023,12,19,4,4,51,prathamesh,2025-02-26 16:04:25
2084,2023-12-20,2023,12,20,4,5,51,prathamesh,2025-02-26 16:04:25
2085,2023-12-21,2023,12,21,4,6,51,prathamesh,2025-02-26 16:04:25
2086,2023-12-22,2023,12,22,4,7,51,prathamesh,2025-02-26 16:04:25
2087,2023-12-23,2023,12,23,4,1,52,prathamesh,2025-02-26 16:04:25
2088,2023-12-24,2023,12,24,4,2,52,prathamesh,2025-02-26 16:04:25
2089,2023-12-25,2023,12,25,4,3,52,prathamesh,2025-02-26 16:04:25
2090,2023-12-26,2023,12,26,4,4,52,prathamesh,2025-02-26 16:04:25
2091,2023-12-27,2023,12,27,4,5,52,prathamesh,2025-02-26 16:04:25
2092,2023-12-28,2023,12,28,4,6,52,prathamesh,2025-02-26 16:04:25
2093,2023-12-29,2023,12,29,4,7,52,prathamesh,2025-02-26 16:04:25
2094,2023-12-30,2023,12,30,4,1,1,prathamesh,2025-02-26 16:04:25
2095,2023-12-31,2023,12,31,4,2,1,prathamesh,2025-02-26 16:04:25
2096,2024-01-01,2024,1,1,1,3,1,prathamesh,2025-02-26 16:04:25
2097,2024-01-02,2024,1,2,1,4,1,prathamesh,2025-02-26 16:04:25
2098,2024-01-03,2024,1,3,1,5,1,prathamesh,2025-02-26 16:04:25
2099,2024-01-04,2024,1,4,1,6,1,prathamesh,2025-02-26 16:04:25
2100,2024-01-05,2024,1,5,1,7,1,prathamesh,2025-02-26 16:04:25
2101,2024-01-06,2024,1,6,1,1,2,prathamesh,2025-02-26 16:04:25
2102,2024-01-07,2024,1,7,1,2,2,prathamesh,2025-02-26 16:04:25
2103,2024-01-08,2024,1,8,1,3,2,prathamesh,2025-02-26 16:04:25
2104,2024-01-09,2024,1,9,1,4,2,prathamesh,2025-02-26 16:04:25
2105,2024-01-10,2024,1,10,1,5,2,prathamesh,2025-02-26 16:04:25
2106,2024-01-11,2024,1,11,1,6,2,prathamesh,2025-02-26 16:04:25
2107,2024-01-12,2024,1,12,1,7,2,prathamesh,2025-02-26 16:04:25
2108,2024-01-13,2024,1,13,1,1,3,prathamesh,2025-02-26 16:04:25
2109,2024-01-14,2024,1,14,1,2,3,prathamesh,2025-02-26 16:04:25
2110,2024-01-15,2024,1,15,1,3,3,prathamesh,2025-02-26 16:04:25
2111,2024-01-16,2024,1,16,1,4,3,prathamesh,2025-02-26 16:04:25
2112,2024-01-17,2024,1,17,1,5,3,prathamesh,2025-02-26 16:04:25
2113,2024-01-18,2024,1,18,1,6,3,prathamesh,2025-02-26 16:04:25
2114,2024-01-19,2024,1,19,1,7,3,prathamesh,2025-02-26 16:04:25
2115,2024-01-20,2024,1,20,1,1,4,prathamesh,2025-02-26 16:04:25
2116,2024-01-21,2024,1,21,1,2,4,prathamesh,2025-02-26 16:04:25
2117,2024-01-22,2024,1,22,1,3,4,prathamesh,2025-02-26 16:04:25
2118,2024-01-23,2024,1,23,1,4,4,prathamesh,2025-02-26 16:04:25
2119,2024-01-24,2024,1,24,1,5,4,prathamesh,2025-02-26 16:04:25
2120,2024-01-25,2024,1,25,1,6,4,prathamesh,2025-02-26 16:04:25
2121,2024-01-26,2024,1,26,1,7,4,prathamesh,2025-02-26 16:04:25
2122,2024-01-27,2024,1,27,1,1,5,prathamesh,2025-02-26 16:04:25
2123,2024-01-28,2024,1,28,1,2,5,prathamesh,2025-02-26 16:04:25
2124,2024-01-29,2024,1,29,1,3,5,prathamesh,2025-02-26 16:04:25
2125,2024-01-30,2024,1,30,1,4,5,prathamesh,2025-02-26 16:04:25
2126,2024-01-31,2024,1,31,1,5,5,prathamesh,2025-02-26 16:04:25
2127,2024-02-01,2024,2,1,1,6,5,prathamesh,2025-02-26 16:04:25
2128,2024-02-02,2024,2,2,1,7,5,prathamesh,2025-02-26 16:04:25
2129,2024-02-03,2024,2,3,1,1,6,prathamesh,2025-02-26 16:04:25
2130,2024-02-04,2024,2,4,1,2,6,prathamesh,2025-02-26 16:04:25
2131,2024-02-05,2024,2,5,1,3,6,prathamesh,2025-02-26 16:04:25
2132,2024-02-06,2024,2,6,1,4,6,prathamesh,2025-02-26 16:04:25
2133,2024-02-07,2024,2,7,1,5,6,prathamesh,2025-02-26 16:04:25
2134,2024-02-08,2024,2,8,1,6,6,prathamesh,2025-02-26 16:04:25
2135,2024-02-09,2024,2,9,1,7,6,prathamesh,2025-02-26 16:04:25
2136,2024-02-10,2024,2,10,1,1,7,prathamesh,2025-02-26 16:04:25
2137,2024-02-11,2024,2,11,1,2,7,prathamesh,2025-02-26 16:04:25
2138,2024-02-12,2024,2,12,1,3,7,prathamesh,2025-02-26 16:04:25
2139,2024-02-13,2024,2,13,1,4,7,prathamesh,2025-02-26 16:04:25
2140,2024-02-14,2024,2,14,1,5,7,prathamesh,2025-02-26 16:04:25
2141,2024-02-15,2024,2,15,1,6,7,prathamesh,2025-02-26 16:04:25
2142,2024-02-16,2024,2,16,1,7,7,prathamesh,2025-02-26 16:04:25
2143,2024-02-17,2024,2,17,1,1,8,prathamesh,2025-02-26 16:04:25
2144,2024-02-18,2024,2,18,1,2,8,prathamesh,2025-02-26 16:04:25
2145,2024-02-19,2024,2,19,1,3,8,prathamesh,2025-02-26 16:04:25
2146,2024-02-20,2024,2,20,1,4,8,prathamesh,2025-02-26 16:04:25
2147,2024-02-21,2024,2,21,1,5,8,prathamesh,2025-02-26 16:04:25
2148,2024-02-22,2024,2,22,1,6,8,prathamesh,2025-02-26 16:04:25
2149,2024-02-23,2024,2,23,1,7,8,prathamesh,2025-02-26 16:04:25
2150,2024-02-24,2024,2,24,1,1,9,prathamesh,2025-02-26 16:04:25
2151,2024-02-25,2024,2,25,1,2,9,prathamesh,2025-02-26 16:04:25
2152,2024-02-26,2024,2,26,1,3,9,prathamesh,2025-02-26 16:04:25
2153,2024-02-27,2024,2,27,1,4,9,prathamesh,2025-02-26 16:04:25
2154,2024-02-28,2024,2,28,1,5,9,prathamesh,2025-02-26 16:04:25
2155,2024-02-29,2024,2,29,1,6,9,prathamesh,2025-02-26 16:04:25
2156,2024-03-01,2024,3,1,1,7,9,prathamesh,2025-02-26 16:04:25
2157,2024-03-02,2024,3,2,1,1,10,prathamesh,2025-02-26 16:04:25
2158,2024-03-03,2024,3,3,1,2,10,prathamesh,2025-02-26 16:04:25
2159,2024-03-04,2024,3,4,1,3,10,prathamesh,2025-02-26 16:04:25
2160,2024-03-05,2024,3,5,1,4,10,prathamesh,2025-02-26 16:04:25
2161,2024-03-06,2024,3,6,1,5,10,prathamesh,2025-02-26 16:04:25
2162,2024-03-07,2024,3,7,1,6,10,prathamesh,2025-02-26 16:04:25
2163,2024-03-08,2024,3,8,1,7,10,prathamesh,2025-02-26 16:04:25
2164,2024-03-09,2024,3,9,1,1,11,prathamesh,2025-02-26 16:04:25
2165,2024-03-10,2024,3,10,1,2,11,prathamesh,2025-02-26 16:04:25
2166,2024-03-11,2024,3,11,1,3,11,prathamesh,2025-02-26 16:04:25
2167,2024-03-12,2024,3,12,1,4,11,prathamesh,2025-02-26 16:04:25
2168,2024-03-13,2024,3,13,1,5,11,prathamesh,2025-02-26 16:04:25
2169,2024-03-14,2024,3,14,1,6,11,prathamesh,2025-02-26 16:04:25
2170,2024-03-15,2024,3,15,1,7,11,prathamesh,2025-02-26 16:04:25
2171,2024-03-16,2024,3,16,1,1,12,prathamesh,2025-02-26 16:04:25
2172,2024-03-17,2024,3,17,1,2,12,prathamesh,2025-02-26 16:04:25
2173,2024-03-18,2024,3,18,1,3,12,prathamesh,2025-02-26 16:04:25
2174,2024-03-19,2024,3,19,1,4,12,prathamesh,2025-02-26 16:04:25
2175,2024-03-20,2024,3,20,1,5,12,prathamesh,2025-02-26 16:04:25
2176,2024-03-21,2024,3,21,1,6,12,prathamesh,2025-02-26 16:04:25
2177,2024-03-22,2024,3,22,1,7,12,prathamesh,2025-02-26 16:04:25
2178,2024-03-23,2024,3,23,1,1,13,prathamesh,2025-02-26 16:04:25
2179,2024-03-24,2024,3,24,1,2,13,prathamesh,2025-02-26 16:04:25
2180,2024-03-25,2024,3,25,1,3,13,prathamesh,2025-02-26 16:04:25
2181,2024-03-26,2024,3,26,1,4,13,prathamesh,2025-02-26 16:04:25
2182,2024-03-27,2024,3,27,1,5,13,prathamesh,2025-02-26 16:04:25
2183,2024-03-28,2024,3,28,1,6,13,prathamesh,2025-02-26 16:04:25
2184,2024-03-29,2024,3,29,1,7,13,prathamesh,2025-02-26 16:04:25
2185,2024-03-30,2024,3,30,1,1,14,prathamesh,2025-02-26 16:04:25
2186,2024-03-31,2024,3,31,1,2,14,prathamesh,2025-02-26 16:04:25
2187,2024-04-01,2024,4,1,2,3,14,prathamesh,2025-02-26 16:04:25
2188,2024-04-02,2024,4,2,2,4,14,prathamesh,2025-02-26 16:04:25
2189,2024-04-03,2024,4,3,2,5,14,prathamesh,2025-02-26 16:04:25
2190,2024-04-04,2024,4,4,2,6,14,prathamesh,2025-02-26 16:04:25
2191,2024-04-05,2024,4,5,2,7,14,prathamesh,2025-02-26 16:04:25
2192,2024-04-06,2024,4,6,2,1,15,prathamesh,2025-02-26 16:04:25
2193,2024-04-07,2024,4,7,2,2,15,prathamesh,2025-02-26 16:04:25
2194,2024-04-08,2024,4,8,2,3,15,prathamesh,2025-02-26 16:04:25
2195,2024-04-09,2024,4,9,2,4,15,prathamesh,2025-02-26 16:04:25
2196,2024-04-10,2024,4,10,2,5,15,prathamesh,2025-02-26 16:04:25
2197,2024-04-11,2024,4,11,2,6,15,prathamesh,2025-02-26 16:04:25
2198,2024-04-12,2024,4,12,2,7,15,prathamesh,2025-02-26 16:04:25
2199,2024-04-13,2024,4,13,2,1,16,prathamesh,2025-02-26 16:04:25
2200,2024-04-14,2024,4,14,2,2,16,prathamesh,2025-02-26 16:04:25
2201,2024-04-15,2024,4,15,2,3,16,prathamesh,2025-02-26 16:04:25
2202,2024-04-16,2024,4,16,2,4,16,prathamesh,2025-02-26 16:04:25
2203,2024-04-17,2024,4,17,2,5,16,prathamesh,2025-02-26 16:04:25
2204,2024-04-18,2024,4,18,2,6,16,prathamesh,2025-02-26 16:04:25
2205,2024-04-19,2024,4,19,2,7,16,prathamesh,2025-02-26 16:04:25
2206,2024-04-20,2024,4,20,2,1,17,prathamesh,2025-02-26 16:04:25
2207,2024-04-21,2024,4,21,2,2,17,prathamesh,2025-02-26 16:04:25
2208,2024-04-22,2024,4,22,2,3,17,prathamesh,2025-02-26 16:04:25
2209,2024-04-23,2024,4,23,2,4,17,prathamesh,2025-02-26 16:04:25
2210,2024-04-24,2024,4,24,2,5,17,prathamesh,2025-02-26 16:04:25
2211,2024-04-25,2024,4,25,2,6,17,prathamesh,2025-02-26 16:04:25
2212,2024-04-26,2024,4,26,2,7,17,prathamesh,2025-02-26 16:04:25
2213,2024-04-27,2024,4,27,2,1,18,prathamesh,2025-02-26 16:04:25
2214,2024-04-28,2024,4,28,2,2,18,prathamesh,2025-02-26 16:04:25
2215,2024-04-29,2024,4,29,2,3,18,prathamesh,2025-02-26 16:04:25
2216,2024-04-30,2024,4,30,2,4,18,prathamesh,2025-02-26 16:04:25
2217,2024-05-01,2024,5,1,2,5,18,prathamesh,2025-02-26 16:04:25
2218,2024-05-02,2024,5,2,2,6,18,prathamesh,2025-02-26 16:04:25
2219,2024-05-03,2024,5,3,2,7,18,prathamesh,2025-02-26 16:04:25
2220,2024-05-04,2024,5,4,2,1,19,prathamesh,2025-02-26 16:04:25
2221,2024-05-05,2024,5,5,2,2,19,prathamesh,2025-02-26 16:04:25
2222,2024-05-06,2024,5,6,2,3,19,prathamesh,2025-02-26 16:04:25
2223,2024-05-07,2024,5,7,2,4,19,prathamesh,2025-02-26 16:04:25
2224,2024-05-08,2024,5,8,2,5,19,prathamesh,2025-02-26 16:04:25
2225,2024-05-09,2024,5,9,2,6,19,prathamesh,2025-02-26 16:04:25
2226,2024-05-10,2024,5,10,2,7,19,prathamesh,2025-02-26 16:04:25
2227,2024-05-11,2024,5,11,2,1,20,prathamesh,2025-02-26 16:04:25
2228,2024-05-12,2024,5,12,2,2,20,prathamesh,2025-02-26 16:04:25
2229,2024-05-13,2024,5,13,2,3,20,prathamesh,2025-02-26 16:04:25
2230,2024-05-14,2024,5,14,2,4,20,prathamesh,2025-02-26 16:04:25
2231,2024-05-15,2024,5,15,2,5,20,prathamesh,2025-02-26 16:04:25
2232,2024-05-16,2024,5,16,2,6,20,prathamesh,2025-02-26 16:04:25
2233,2024-05-17,2024,5,17,2,7,20,prathamesh,2025-02-26 16:04:25
2234,2024-05-18,2024,5,18,2,1,21,prathamesh,2025-02-26 16:04:25
2235,2024-05-19,2024,5,19,2,2,21,prathamesh,2025-02-26 16:04:25
2236,2024-05-20,2024,5,20,2,3,21,prathamesh,2025-02-26 16:04:25
2237,2024-05-21,2024,5,21,2,4,21,prathamesh,2025-02-26 16:04:25
2238,2024-05-22,2024,5,22,2,5,21,prathamesh,2025-02-26 16:04:25
2239,2024-05-23,2024,5,23,2,6,21,prathamesh,2025-02-26 16:04:25
2240,2024-05-24,2024,5,24,2,7,21,prathamesh,2025-02-26 16:04:25
2241,2024-05-25,2024,5,25,2,1,22,prathamesh,2025-02-26 16:04:25
2242,2024-05-26,2024,5,26,2,2,22,prathamesh,2025-02-26 16:04:25
2243,2024-05-27,2024,5,27,2,3,22,prathamesh,2025-02-26 16:04:25
2244,2024-05-28,2024,5,28,2,4,22,prathamesh,2025-02-26 16:04:25
2245,2024-05-29,2024,5,29,2,5,22,prathamesh,2025-02-26 16:04:25
2246,2024-05-30,2024,5,30,2,6,22,prathamesh,2025-02-26 16:04:25
2247,2024-05-31,2024,5,31,2,7,22,prathamesh,2025-02-26 16:04:25
2248,2024-06-01,2024,6,1,2,1,23,prathamesh,2025-02-26 16:04:25
2249,2024-06-02,2024,6,2,2,2,23,prathamesh,2025-02-26 16:04:25
2250,2024-06-03,2024,6,3,2,3,23,prathamesh,2025-02-26 16:04:25
2251,2024-06-04,2024,6,4,2,4,23,prathamesh,2025-02-26 16:04:25
2252,2024-06-05,2024,6,5,2,5,23,prathamesh,2025-02-26 16:04:25
2253,2024-06-06,2024,6,6,2,6,23,prathamesh,2025-02-26 16:04:25
2254,2024-06-07,2024,6,7,2,7,23,prathamesh,2025-02-26 16:04:25
2255,2024-06-08,2024,6,8,2,1,24,prathamesh,2025-02-26 16:04:25
2256,2024-06-09,2024,6,9,2,2,24,prathamesh,2025-02-26 16:04:25
2257,2024-06-10,2024,6,10,2,3,24,prathamesh,2025-02-26 16:04:25
2258,2024-06-11,2024,6,11,2,4,24,prathamesh,2025-02-26 16:04:25
2259,2024-06-12,2024,6,12,2,5,24,prathamesh,2025-02-26 16:04:25
2260,2024-06-13,2024,6,13,2,6,24,prathamesh,2025-02-26 16:04:25
2261,2024-06-14,2024,6,14,2,7,24,prathamesh,2025-02-26 16:04:25
2262,2024-06-15,2024,6,15,2,1,25,prathamesh,2025-02-26 16:04:25
2263,2024-06-16,2024,6,16,2,2,25,prathamesh,2025-02-26 16:04:25
2264,2024-06-17,2024,6,17,2,3,25,prathamesh,2025-02-26 16:04:25
2265,2024-06-18,2024,6,18,2,4,25,prathamesh,2025-02-26 16:04:25
2266,2024-06-19,2024,6,19,2,5,25,prathamesh,2025-02-26 16:04:25
2267,2024-06-20,2024,6,20,2,6,25,prathamesh,2025-02-26 16:04:25
2268,2024-06-21,2024,6,21,2,7,25,prathamesh,2025-02-26 16:04:25
2269,2024-06-22,2024,6,22,2,1,26,prathamesh,2025-02-26 16:04:25
2270,2024-06-23,2024,6,23,2,2,26,prathamesh,2025-02-26 16:04:25
2271,2024-06-24,2024,6,24,2,3,26,prathamesh,2025-02-26 16:04:25
2272,2024-06-25,2024,6,25,2,4,26,prathamesh,2025-02-26 16:04:25
2273,2024-06-26,2024,6,26,2,5,26,prathamesh,2025-02-26 16:04:25
2274,2024-06-27,2024,6,27,2,6,26,prathamesh,2025-02-26 16:04:25
2275,2024-06-28,2024,6,28,2,7,26,prathamesh,2025-02-26 16:04:25
2276,2024-06-29,2024,6,29,2,1,27,prathamesh,2025-02-26 16:04:25
2277,2024-06-30,2024,6,30,2,2,27,prathamesh,2025-02-26 16:04:25
2278,2024-07-01,2024,7,1,3,3,27,prathamesh,2025-02-26 16:04:25
2279,2024-07-02,2024,7,2,3,4,27,prathamesh,2025-02-26 16:04:25
2280,2024-07-03,2024,7,3,3,5,27,prathamesh,2025-02-26 16:04:25
2281,2024-07-04,2024,7,4,3,6,27,prathamesh,2025-02-26 16:04:25
2282,2024-07-05,2024,7,5,3,7,27,prathamesh,2025-02-26 16:04:25
2283,2024-07-06,2024,7,6,3,1,28,prathamesh,2025-02-26 16:04:25
2284,2024-07-07,2024,7,7,3,2,28,prathamesh,2025-02-26 16:04:25
2285,2024-07-08,2024,7,8,3,3,28,prathamesh,2025-02-26 16:04:25
2286,2024-07-09,2024,7,9,3,4,28,prathamesh,2025-02-26 16:04:25
2287,2024-07-10,2024,7,10,3,5,28,prathamesh,2025-02-26 16:04:25
2288,2024-07-11,2024,7,11,3,6,28,prathamesh,2025-02-26 16:04:25
2289,2024-07-12,2024,7,12,3,7,28,prathamesh,2025-02-26 16:04:25
2290,2024-07-13,2024,7,13,3,1,29,prathamesh,2025-02-26 16:04:25
2291,2024-07-14,2024,7,14,3,2,29,prathamesh,2025-02-26 16:04:25
2292,2024-07-15,2024,7,15,3,3,29,prathamesh,2025-02-26 16:04:25
2293,2024-07-16,2024,7,16,3,4,29,prathamesh,2025-02-26 16:04:25
2294,2024-07-17,2024,7,17,3,5,29,prathamesh,2025-02-26 16:04:25
2295,2024-07-18,2024,7,18,3,6,29,prathamesh,2025-02-26 16:04:25
2296,2024-07-19,2024,7,19,3,7,29,prathamesh,2025-02-26 16:04:25
2297,2024-07-20,2024,7,20,3,1,30,prathamesh,2025-02-26 16:04:25
2298,2024-07-21,2024,7,21,3,2,30,prathamesh,2025-02-26 16:04:25
2299,2024-07-22,2024,7,22,3,3,30,prathamesh,2025-02-26 16:04:25
2300,2024-07-23,2024,7,23,3,4,30,prathamesh,2025-02-26 16:04:25
2301,2024-07-24,2024,7,24,3,5,30,prathamesh,2025-02-26 16:04:25
2302,2024-07-25,2024,7,25,3,6,30,prathamesh,2025-02-26 16:04:25
2303,2024-07-26,2024,7,26,3,7,30,prathamesh,2025-02-26 16:04:25
2304,2024-07-27,2024,7,27,3,1,31,prathamesh,2025-02-26 16:04:25
2305,2024-07-28,2024,7,28,3,2,31,prathamesh,2025-02-26 16:04:25
2306,2024-07-29,2024,7,29,3,3,31,prathamesh,2025-02-26 16:04:25
2307,2024-07-30,2024,7,30,3,4,31,prathamesh,2025-02-26 16:04:25
2308,2024-07-31,2024,7,31,3,5,31,prathamesh,2025-02-26 16:04:25
2309,2024-08-01,2024,8,1,3,6,31,prathamesh,2025-02-26 16:04:25
2310,2024-08-02,2024,8,2,3,7,31,prathamesh,2025-02-26 16:04:25
2311,2024-08-03,2024,8,3,3,1,32,prathamesh,2025-02-26 16:04:25
2312,2024-08-04,2024,8,4,3,2,32,prathamesh,2025-02-26 16:04:25
2313,2024-08-05,2024,8,5,3,3,32,prathamesh,2025-02-26 16:04:25
2314,2024-08-06,2024,8,6,3,4,32,prathamesh,2025-02-26 16:04:25
2315,2024-08-07,2024,8,7,3,5,32,prathamesh,2025-02-26 16:04:25
2316,2024-08-08,2024,8,8,3,6,32,prathamesh,2025-02-26 16:04:25
2317,2024-08-09,2024,8,9,3,7,32,prathamesh,2025-02-26 16:04:25
2318,2024-08-10,2024,8,10,3,1,33,prathamesh,2025-02-26 16:04:25
2319,2024-08-11,2024,8,11,3,2,33,prathamesh,2025-02-26 16:04:25
2320,2024-08-12,2024,8,12,3,3,33,prathamesh,2025-02-26 16:04:25
2321,2024-08-13,2024,8,13,3,4,33,prathamesh,2025-02-26 16:04:25
2322,2024-08-14,2024,8,14,3,5,33,prathamesh,2025-02-26 16:04:25
2323,2024-08-15,2024,8,15,3,6,33,prathamesh,2025-02-26 16:04:25
2324,2024-08-16,2024,8,16,3,7,33,prathamesh,2025-02-26 16:04:25
2325,2024-08-17,2024,8,17,3,1,34,prathamesh,2025-02-26 16:04:25
2326,2024-08-18,2024,8,18,3,2,34,prathamesh,2025-02-26 16:04:25
2327,2024-08-19,2024,8,19,3,3,34,prathamesh,2025-02-26 16:04:25
2328,2024-08-20,2024,8,20,3,4,34,prathamesh,2025-02-26 16:04:25
2329,2024-08-21,2024,8,21,3,5,34,prathamesh,2025-02-26 16:04:25
2330,2024-08-22,2024,8,22,3,6,34,prathamesh,2025-02-26 16:04:25
2331,2024-08-23,2024,8,23,3,7,34,prathamesh,2025-02-26 16:04:25
2332,2024-08-24,2024,8,24,3,1,35,prathamesh,2025-02-26 16:04:25
2333,2024-08-25,2024,8,25,3,2,35,prathamesh,2025-02-26 16:04:25
2334,2024-08-26,2024,8,26,3,3,35,prathamesh,2025-02-26 16:04:25
2335,2024-08-27,2024,8,27,3,4,35,prathamesh,2025-02-26 16:04:25
2336,2024-08-28,2024,8,28,3,5,35,prathamesh,2025-02-26 16:04:25
2337,2024-08-29,2024,8,29,3,6,35,prathamesh,2025-02-26 16:04:25
2338,2024-08-30,2024,8,30,3,7,35,prathamesh,2025-02-26 16:04:25
2339,2024-08-31,2024,8,31,3,1,36,prathamesh,2025-02-26 16:04:25
2340,2024-09-01,2024,9,1,3,2,36,prathamesh,2025-02-26 16:04:25
2341,2024-09-02,2024,9,2,3,3,36,prathamesh,2025-02-26 16:04:25
2342,2024-09-03,2024,9,3,3,4,36,prathamesh,2025-02-26 16:04:25
2343,2024-09-04,2024,9,4,3,5,36,prathamesh,2025-02-26 16:04:25
2344,2024-09-05,2024,9,5,3,6,36,prathamesh,2025-02-26 16:04:25
2345,2024-09-06,2024,9,6,3,7,36,prathamesh,2025-02-26 16:04:25
2346,2024-09-07,2024,9,7,3,1,37,prathamesh,2025-02-26 16:04:25
2347,2024-09-08,2024,9,8,3,2,37,prathamesh,2025-02-26 16:04:25
2348,2024-09-09,2024,9,9,3,3,37,prathamesh,2025-02-26 16:04:25
2349,2024-09-10,2024,9,10,3,4,37,prathamesh,2025-02-26 16:04:25
2350,2024-09-11,2024,9,11,3,5,37,prathamesh,2025-02-26 16:04:25
2351,2024-09-12,2024,9,12,3,6,37,prathamesh,2025-02-26 16:04:25
2352,2024-09-13,2024,9,13,3,7,37,prathamesh,2025-02-26 16:04:25
2353,2024-09-14,2024,9,14,3,1,38,prathamesh,2025-02-26 16:04:25
2354,2024-09-15,2024,9,15,3,2,38,prathamesh,2025-02-26 16:04:25
2355,2024-09-16,2024,9,16,3,3,38,prathamesh,2025-02-26 16:04:25
2356,2024-09-17,2024,9,17,3,4,38,prathamesh,2025-02-26 16:04:25
2357,2024-09-18,2024,9,18,3,5,38,prathamesh,2025-02-26 16:04:25
2358,2024-09-19,2024,9,19,3,6,38,prathamesh,2025-02-26 16:04:25
2359,2024-09-20,2024,9,20,3,7,38,prathamesh,2025-02-26 16:04:25
2360,2024-09-21,2024,9,21,3,1,39,prathamesh,2025-02-26 16:04:25
2361,2024-09-22,2024,9,22,3,2,39,prathamesh,2025-02-26 16:04:25
2362,2024-09-23,2024,9,23,3,3,39,prathamesh,2025-02-26 16:04:25
2363,2024-09-24,2024,9,24,3,4,39,prathamesh,2025-02-26 16:04:25
2364,2024-09-25,2024,9,25,3,5,39,prathamesh,2025-02-26 16:04:25
2365,2024-09-26,2024,9,26,3,6,39,prathamesh,2025-02-26 16:04:25
2366,2024-09-27,2024,9,27,3,7,39,prathamesh,2025-02-26 16:04:25
2367,2024-09-28,2024,9,28,3,1,40,prathamesh,2025-02-26 16:04:25
2368,2024-09-29,2024,9,29,3,2,40,prathamesh,2025-02-26 16:04:25
2369,2024-09-30,2024,9,30,3,3,40,prathamesh,2025-02-26 16:04:25
2370,2024-10-01,2024,10,1,4,4,40,prathamesh,2025-02-26 16:04:25
2371,2024-10-02,2024,10,2,4,5,40,prathamesh,2025-02-26 16:04:25
2372,2024-10-03,2024,10,3,4,6,40,prathamesh,2025-02-26 16:04:25
2373,2024-10-04,2024,10,4,4,7,40,prathamesh,2025-02-26 16:04:25
2374,2024-10-05,2024,10,5,4,1,41,prathamesh,2025-02-26 16:04:25
2375,2024-10-06,2024,10,6,4,2,41,prathamesh,2025-02-26 16:04:25
2376,2024-10-07,2024,10,7,4,3,41,prathamesh,2025-02-26 16:04:25
2377,2024-10-08,2024,10,8,4,4,41,prathamesh,2025-02-26 16:04:25
2378,2024-10-09,2024,10,9,4,5,41,prathamesh,2025-02-26 16:04:25
2379,2024-10-10,2024,10,10,4,6,41,prathamesh,2025-02-26 16:04:25
2380,2024-10-11,2024,10,11,4,7,41,prathamesh,2025-02-26 16:04:25
2381,2024-10-12,2024,10,12,4,1,42,prathamesh,2025-02-26 16:04:25
2382,2024-10-13,2024,10,13,4,2,42,prathamesh,2025-02-26 16:04:25
2383,2024-10-14,2024,10,14,4,3,42,prathamesh,2025-02-26 16:04:25
2384,2024-10-15,2024,10,15,4,4,42,prathamesh,2025-02-26 16:04:25
2385,2024-10-16,2024,10,16,4,5,42,prathamesh,2025-02-26 16:04:25
2386,2024-10-17,2024,10,17,4,6,42,prathamesh,2025-02-26 16:04:25
2387,2024-10-18,2024,10,18,4,7,42,prathamesh,2025-02-26 16:04:25
2388,2024-10-19,2024,10,19,4,1,43,prathamesh,2025-02-26 16:04:25
2389,2024-10-20,2024,10,20,4,2,43,prathamesh,2025-02-26 16:04:25
2390,2024-10-21,2024,10,21,4,3,43,prathamesh,2025-02-26 16:04:25
2391,2024-10-22,2024,10,22,4,4,43,prathamesh,2025-02-26 16:04:25
2392,2024-10-23,2024,10,23,4,5,43,prathamesh,2025-02-26 16:04:25
2393,2024-10-24,2024,10,24,4,6,43,prathamesh,2025-02-26 16:04:25
2394,2024-10-25,2024,10,25,4,7,43,prathamesh,2025-02-26 16:04:25
2395,2024-10-26,2024,10,26,4,1,44,prathamesh,2025-02-26 16:04:25
2396,2024-10-27,2024,10,27,4,2,44,prathamesh,2025-02-26 16:04:25
2397,2024-10-28,2024,10,28,4,3,44,prathamesh,2025-02-26 16:04:25
2398,2024-10-29,2024,10,29,4,4,44,prathamesh,2025-02-26 16:04:25
2399,2024-10-30,2024,10,30,4,5,44,prathamesh,2025-02-26 16:04:25
2400,2024-10-31,2024,10,31,4,6,44,prathamesh,2025-02-26 16:04:25
2401,2024-11-01,2024,11,1,4,7,44,prathamesh,2025-02-26 16:04:25
2402,2024-11-02,2024,11,2,4,1,45,prathamesh,2025-02-26 16:04:25
2403,2024-11-03,2024,11,3,4,2,45,prathamesh,2025-02-26 16:04:25
2404,2024-11-04,2024,11,4,4,3,45,prathamesh,2025-02-26 16:04:25
2405,2024-11-05,2024,11,5,4,4,45,prathamesh,2025-02-26 16:04:25
2406,2024-11-06,2024,11,6,4,5,45,prathamesh,2025-02-26 16:04:25
2407,2024-11-07,2024,11,7,4,6,45,prathamesh,2025-02-26 16:04:25
2408,2024-11-08,2024,11,8,4,7,45,prathamesh,2025-02-26 16:04:25
2409,2024-11-09,2024,11,9,4,1,46,prathamesh,2025-02-26 16:04:25
2410,2024-11-10,2024,11,10,4,2,46,prathamesh,2025-02-26 16:04:25
2411,2024-11-11,2024,11,11,4,3,46,prathamesh,2025-02-26 16:04:25
2412,2024-11-12,2024,11,12,4,4,46,prathamesh,2025-02-26 16:04:25
2413,2024-11-13,2024,11,13,4,5,46,prathamesh,2025-02-26 16:04:25
2414,2024-11-14,2024,11,14,4,6,46,prathamesh,2025-02-26 16:04:25
2415,2024-11-15,2024,11,15,4,7,46,prathamesh,2025-02-26 16:04:25
2416,2024-11-16,2024,11,16,4,1,47,prathamesh,2025-02-26 16:04:25
2417,2024-11-17,2024,11,17,4,2,47,prathamesh,2025-02-26 16:04:25
2418,2024-11-18,2024,11,18,4,3,47,prathamesh,2025-02-26 16:04:25
2419,2024-11-19,2024,11,19,4,4,47,prathamesh,2025-02-26 16:04:25
2420,2024-11-20,2024,11,20,4,5,47,prathamesh,2025-02-26 16:04:25
2421,2024-11-21,2024,11,21,4,6,47,prathamesh,2025-02-26 16:04:25
2422,2024-11-22,2024,11,22,4,7,47,prathamesh,2025-02-26 16:04:25
2423,2024-11-23,2024,11,23,4,1,48,prathamesh,2025-02-26 16:04:25
2424,2024-11-24,2024,11,24,4,2,48,prathamesh,2025-02-26 16:04:25
2425,2024-11-25,2024,11,25,4,3,48,prathamesh,2025-02-26 16:04:25
2426,2024-11-26,2024,11,26,4,4,48,prathamesh,2025-02-26 16:04:25
2427,2024-11-27,2024,11,27,4,5,48,prathamesh,2025-02-26 16:04:25
2428,2024-11-28,2024,11,28,4,6,48,prathamesh,2025-02-26 16:04:25
2429,2024-11-29,2024,11,29,4,7,48,prathamesh,2025-02-26 16:04:25
2430,2024-11-30,2024,11,30,4,1,49,prathamesh,2025-02-26 16:04:25
2431,2024-12-01,2024,12,1,4,2,49,prathamesh,2025-02-26 16:04:25
2432,2024-12-02,2024,12,2,4,3,49,prathamesh,2025-02-26 16:04:25
2433,2024-12-03,2024,12,3,4,4,49,prathamesh,2025-02-26 16:04:25
2434,2024-12-04,2024,12,4,4,5,49,prathamesh,2025-02-26 16:04:25
2435,2024-12-05,2024,12,5,4,6,49,prathamesh,2025-02-26 16:04:25
2436,2024-12-06,2024,12,6,4,7,49,prathamesh,2025-02-26 16:04:25
2437,2024-12-07,2024,12,7,4,1,50,prathamesh,2025-02-26 16:04:25
2438,2024-12-08,2024,12,8,4,2,50,prathamesh,2025-02-26 16:04:25
2439,2024-12-09,2024,12,9,4,3,50,prathamesh,2025-02-26 16:04:25
2440,2024-12-10,2024,12,10,4,4,50,prathamesh,2025-02-26 16:04:25
2441,2024-12-11,2024,12,11,4,5,50,prathamesh,2025-02-26 16:04:25
2442,2024-12-12,2024,12,12,4,6,50,prathamesh,2025-02-26 16:04:25
2443,2024-12-13,2024,12,13,4,7,50,prathamesh,2025-02-26 16:04:25
2444,2024-12-14,2024,12,14,4,1,51,prathamesh,2025-02-26 16:04:25
2445,2024-12-15,2024,12,15,4,2,51,prathamesh,2025-02-26 16:04:25
2446,2024-12-16,2024,12,16,4,3,51,prathamesh,2025-02-26 16:04:25
2447,2024-12-17,2024,12,17,4,4,51,prathamesh,2025-02-26 16:04:25
2448,2024-12-18,2024,12,18,4,5,51,prathamesh,2025-02-26 16:04:25
2449,2024-12-19,2024,12,19,4,6,51,prathamesh,2025-02-26 16:04:25
2450,2024-12-20,2024,12,20,4,7,51,prathamesh,2025-02-26 16:04:25
2451,2024-12-21,2024,12,21,4,1,52,prathamesh,2025-02-26 16:04:25
2452,2024-12-22,2024,12,22,4,2,52,prathamesh,2025-02-26 16:04:25
2453,2024-12-23,2024,12,23,4,3,52,prathamesh,2025-02-26 16:04:25
2454,2024-12-24,2024,12,24,4,4,52,prathamesh,2025-02-26 16:04:25
2455,2024-12-25,2024,12,25,4,5,52,prathamesh,2025-02-26 16:04:25
2456,2024-12-26,2024,12,26,4,6,52,prathamesh,2025-02-26 16:04:25
2457,2024-12-27,2024,12,27,4,7,52,prathamesh,2025-02-26 16:04:25
2458,2024-12-28,2024,12,28,4,1,1,prathamesh,2025-02-26 16:04:25
2459,2024-12-29,2024,12,29,4,2,1,prathamesh,2025-02-26 16:04:25
2460,2024-12-30,2024,12,30,4,3,1,prathamesh,2025-02-26 16:04:25
2461,2024-12-31,2024,12,31,4,4,1,prathamesh,2025-02-26 16:04:25
