EQUIPMENTNAME,starttime,endtime,elapse_time,OUTPUTCOUNT,DATETIME
Mercury#4,"2025-02-23 00:00:03","2025-02-23 00:50:39",3036,0,"2025-02-23 00:29:49"
Mercury#4,"2025-02-23 00:00:03","2025-02-23 00:50:39",3036,0,"2025-02-23 00:24:46"
Mercury#4,"2025-02-23 00:00:03","2025-02-23 00:50:39",3036,0,"2025-02-23 00:24:43"
Mercury#4,"2025-02-23 00:00:03","2025-02-23 00:50:39",3036,0,"2025-02-23 00:24:22"
Mercury#4,"2025-02-23 00:00:03","2025-02-23 00:50:39",3036,0,"2025-02-23 00:24:13"
Mercury#4,"2025-02-23 00:00:03","2025-02-23 00:50:39",3036,0,"2025-02-23 00:23:52"
Mercury#4,"2025-02-23 00:00:03","2025-02-23 00:50:39",3036,0,"2025-02-23 00:21:13"
Mercury#4,"2025-02-23 00:00:03","2025-02-23 00:50:39",3036,0,"2025-02-23 00:20:58"
Mercury#4,"2025-02-23 00:00:03","2025-02-23 00:50:39",3036,0,"2025-02-23 00:20:43"
Mercury#4,"2025-02-23 00:00:03","2025-02-23 00:50:39",3036,0,"2025-02-23 00:20:28"
Mercury#4,"2025-02-23 00:00:03","2025-02-23 00:50:39",3036,0,"2025-02-23 00:20:13"
Mercury#4,"2025-02-23 00:00:03","2025-02-23 00:50:39",3036,0,"2025-02-23 00:19:46"
Mercury#4,"2025-02-23 00:00:03","2025-02-23 00:50:39",3036,0,"2025-02-23 00:19:43"
Mercury#4,"2025-02-23 00:00:03","2025-02-23 00:50:39",3036,0,"2025-02-23 00:19:22"
Mercury#4,"2025-02-23 00:00:03","2025-02-23 00:50:39",3036,0,"2025-02-23 00:19:07"
Mercury#4,"2025-02-23 00:00:03","2025-02-23 00:50:39",3036,0,"2025-02-23 00:18:43"
Mercury#4,"2025-02-23 00:00:03","2025-02-23 00:50:39",3036,0,"2025-02-23 00:18:37"
Mercury#4,"2025-02-23 00:00:03","2025-02-23 00:50:39",3036,0,"2025-02-23 00:18:16"
Mercury#4,"2025-02-23 00:00:03","2025-02-23 00:50:39",3036,0,"2025-02-23 00:18:01"
Mercury#4,"2025-02-23 00:00:03","2025-02-23 00:50:39",3036,0,"2025-02-23 00:17:37"
Mercury#4,"2025-02-23 00:00:03","2025-02-23 00:50:39",3036,0,"2025-02-23 00:17:31"
Mercury#4,"2025-02-23 00:00:03","2025-02-23 00:50:39",3036,0,"2025-02-23 00:17:13"
Mercury#4,"2025-02-23 00:00:03","2025-02-23 00:50:39",3036,0,"2025-02-23 00:16:46"
Mercury#4,"2025-02-23 00:00:03","2025-02-23 00:50:39",3036,0,"2025-02-23 00:16:43"
Mercury#4,"2025-02-23 00:00:03","2025-02-23 00:50:39",3036,0,"2025-02-23 00:16:28"
Mercury#4,"2025-02-23 00:00:03","2025-02-23 00:50:39",3036,0,"2025-02-23 00:16:16"
Mercury#4,"2025-02-23 00:00:03","2025-02-23 00:50:39",3036,0,"2025-02-23 00:13:16"
Mercury#4,"2025-02-23 00:00:03","2025-02-23 00:50:39",3036,0,"2025-02-23 00:11:34"
Mercury#4,"2025-02-23 00:00:03","2025-02-23 00:50:39",3036,0,"2025-02-23 00:11:19"
Mercury#4,"2025-02-23 00:00:03","2025-02-23 00:50:39",3036,0,"2025-02-23 00:11:04"
Mercury#4,"2025-02-23 00:00:03","2025-02-23 00:50:39",3036,0,"2025-02-23 00:08:04"
Mercury#4,"2025-02-23 00:00:03","2025-02-23 00:50:39",3036,0,"2025-02-23 00:08:01"
Mercury#4,"2025-02-23 00:00:03","2025-02-23 00:50:39",3036,0,"2025-02-23 00:07:40"
Mercury#4,"2025-02-23 00:00:03","2025-02-23 00:50:39",3036,0,"2025-02-23 00:07:25"
Mercury#4,"2025-02-23 00:00:03","2025-02-23 00:50:39",3036,0,"2025-02-23 00:07:01"
Mercury#4,"2025-02-23 00:00:03","2025-02-23 00:50:39",3036,0,"2025-02-23 00:06:55"
Mercury#4,"2025-02-23 00:00:03","2025-02-23 00:50:39",3036,0,"2025-02-23 00:06:34"
Mercury#4,"2025-02-23 00:00:03","2025-02-23 00:50:39",3036,0,"2025-02-23 00:06:19"
Mercury#4,"2025-02-23 00:00:03","2025-02-23 00:50:39",3036,0,"2025-02-23 00:05:55"
Mercury#4,"2025-02-23 00:00:03","2025-02-23 00:50:39",3036,0,"2025-02-23 00:05:49"
Mercury#4,"2025-02-23 00:00:03","2025-02-23 00:50:39",3036,0,"2025-02-23 00:05:31"
Mercury#4,"2025-02-23 00:00:03","2025-02-23 00:50:39",3036,0,"2025-02-23 00:05:16"
Mercury#4,"2025-02-23 00:00:03","2025-02-23 00:50:39",3036,0,"2025-02-23 00:04:49"
Mercury#4,"2025-02-23 00:00:03","2025-02-23 00:50:39",3036,0,"2025-02-23 00:04:46"
Mercury#4,"2025-02-23 00:00:03","2025-02-23 00:50:39",3036,0,"2025-02-23 00:04:25"
Mercury#4,"2025-02-23 00:00:03","2025-02-23 00:50:39",3036,0,"2025-02-23 00:03:04"
Mercury#4,"2025-02-23 00:00:03","2025-02-23 00:50:39",3036,0,"2025-02-23 00:02:04"
Mercury#4,"2025-02-23 00:00:03","2025-02-23 00:50:39",3036,0,"2025-02-23 00:01:55"
Mercury#4,"2025-02-23 00:00:03","2025-02-23 00:50:39",3036,0,"2025-02-23 00:01:43"
Mercury#4,"2025-02-23 00:00:03","2025-02-23 00:50:39",3036,0,"2025-02-23 00:01:34"
Mercury#4,"2025-02-23 00:00:03","2025-02-23 00:50:39",3036,0,"2025-02-23 00:01:25"
Mercury#4,"2025-02-23 00:00:03","2025-02-23 00:50:39",3036,0,"2025-02-23 00:01:13"
Mercury#4,"2025-02-23 00:00:03","2025-02-23 00:50:39",3036,0,"2025-02-23 00:01:04"
Mercury#4,"2025-02-23 00:00:03","2025-02-23 00:50:39",3036,0,"2025-02-23 00:00:55"
Mercury#4,"2025-02-23 00:00:03","2025-02-23 00:50:39",3036,0,"2025-02-23 00:00:43"
Mercury#4,"2025-02-23 00:00:03","2025-02-23 00:50:39",3036,0,"2025-02-23 00:00:03"
Mercury#4,"2025-02-23 00:50:40","2025-02-23 00:50:59",19,150,"2025-02-23 00:50:41"
Mercury#4,"2025-02-23 00:50:40","2025-02-23 00:50:59",19,0,"2025-02-23 00:50:40"
Mercury#4,"2025-02-23 00:56:19","2025-02-23 01:45:39",2960,0,"2025-02-23 01:26:19"
Mercury#4,"2025-02-23 00:56:19","2025-02-23 01:45:39",2960,0,"2025-02-23 01:21:17"
Mercury#4,"2025-02-23 00:56:19","2025-02-23 01:45:39",2960,0,"2025-02-23 01:20:50"
Mercury#4,"2025-02-23 00:56:19","2025-02-23 01:45:39",2960,0,"2025-02-23 01:20:46"
Mercury#4,"2025-02-23 00:56:19","2025-02-23 01:45:39",2960,0,"2025-02-23 01:20:25"
Mercury#4,"2025-02-23 00:56:19","2025-02-23 01:45:39",2960,0,"2025-02-23 01:20:10"
Mercury#4,"2025-02-23 00:56:19","2025-02-23 01:45:39",2960,0,"2025-02-23 01:19:46"
Mercury#4,"2025-02-23 00:56:19","2025-02-23 01:45:39",2960,0,"2025-02-23 01:19:40"
Mercury#4,"2025-02-23 00:56:19","2025-02-23 01:45:39",2960,0,"2025-02-23 01:19:19"
Mercury#4,"2025-02-23 00:56:19","2025-02-23 01:45:39",2960,0,"2025-02-23 01:19:10"
Mercury#4,"2025-02-23 00:56:19","2025-02-23 01:45:39",2960,0,"2025-02-23 01:18:49"
Mercury#4,"2025-02-23 00:56:19","2025-02-23 01:45:39",2960,0,"2025-02-23 01:16:10"
Mercury#4,"2025-02-23 00:56:19","2025-02-23 01:45:39",2960,0,"2025-02-23 01:15:55"
Mercury#4,"2025-02-23 00:56:19","2025-02-23 01:45:39",2960,0,"2025-02-23 01:15:40"
Mercury#4,"2025-02-23 00:56:19","2025-02-23 01:45:39",2960,0,"2025-02-23 01:15:25"
Mercury#4,"2025-02-23 00:56:19","2025-02-23 01:45:39",2960,0,"2025-02-23 01:15:10"
Mercury#4,"2025-02-23 00:56:19","2025-02-23 01:45:39",2960,0,"2025-02-23 01:14:46"
Mercury#4,"2025-02-23 00:56:19","2025-02-23 01:45:39",2960,0,"2025-02-23 01:14:40"
Mercury#4,"2025-02-23 00:56:19","2025-02-23 01:45:39",2960,0,"2025-02-23 01:14:19"
Mercury#4,"2025-02-23 00:56:19","2025-02-23 01:45:39",2960,0,"2025-02-23 01:14:04"
Mercury#4,"2025-02-23 00:56:19","2025-02-23 01:45:39",2960,0,"2025-02-23 01:13:40"
Mercury#4,"2025-02-23 00:56:19","2025-02-23 01:45:39",2960,0,"2025-02-23 01:13:34"
Mercury#4,"2025-02-23 00:56:19","2025-02-23 01:45:39",2960,0,"2025-02-23 01:13:17"
Mercury#4,"2025-02-23 00:56:19","2025-02-23 01:45:39",2960,0,"2025-02-23 01:13:01"
Mercury#4,"2025-02-23 00:56:19","2025-02-23 01:45:39",2960,0,"2025-02-23 01:12:35"
Mercury#4,"2025-02-23 00:56:19","2025-02-23 01:45:39",2960,0,"2025-02-23 01:12:31"
Mercury#4,"2025-02-23 00:56:19","2025-02-23 01:45:39",2960,0,"2025-02-23 01:12:10"
Mercury#4,"2025-02-23 00:56:19","2025-02-23 01:45:39",2960,0,"2025-02-23 01:11:46"
Mercury#4,"2025-02-23 00:56:19","2025-02-23 01:45:39",2960,0,"2025-02-23 01:11:40"
Mercury#4,"2025-02-23 00:56:19","2025-02-23 01:45:39",2960,0,"2025-02-23 01:11:25"
Mercury#4,"2025-02-23 00:56:19","2025-02-23 01:45:39",2960,0,"2025-02-23 01:11:17"
Mercury#4,"2025-02-23 00:56:19","2025-02-23 01:45:39",2960,0,"2025-02-23 01:09:31"
Mercury#4,"2025-02-23 00:56:19","2025-02-23 01:45:39",2960,0,"2025-02-23 01:07:49"
Mercury#4,"2025-02-23 00:56:19","2025-02-23 01:45:39",2960,0,"2025-02-23 01:07:34"
Mercury#4,"2025-02-23 00:56:19","2025-02-23 01:45:39",2960,0,"2025-02-23 01:07:19"
Mercury#4,"2025-02-23 00:56:19","2025-02-23 01:45:39",2960,0,"2025-02-23 01:04:20"
Mercury#4,"2025-02-23 00:56:19","2025-02-23 01:45:39",2960,0,"2025-02-23 01:04:17"
Mercury#4,"2025-02-23 00:56:19","2025-02-23 01:45:39",2960,0,"2025-02-23 01:03:55"
Mercury#4,"2025-02-23 00:56:19","2025-02-23 01:45:39",2960,0,"2025-02-23 01:03:40"
Mercury#4,"2025-02-23 00:56:19","2025-02-23 01:45:39",2960,0,"2025-02-23 01:03:17"
Mercury#4,"2025-02-23 00:56:19","2025-02-23 01:45:39",2960,0,"2025-02-23 01:03:10"
Mercury#4,"2025-02-23 00:56:19","2025-02-23 01:45:39",2960,0,"2025-02-23 01:02:49"
Mercury#4,"2025-02-23 00:56:19","2025-02-23 01:45:39",2960,0,"2025-02-23 01:02:34"
Mercury#4,"2025-02-23 00:56:19","2025-02-23 01:45:39",2960,0,"2025-02-23 01:02:11"
Mercury#4,"2025-02-23 00:56:19","2025-02-23 01:45:39",2960,0,"2025-02-23 01:02:05"
Mercury#4,"2025-02-23 00:56:19","2025-02-23 01:45:39",2960,0,"2025-02-23 01:01:46"
Mercury#4,"2025-02-23 00:56:19","2025-02-23 01:45:39",2960,0,"2025-02-23 01:01:32"
Mercury#4,"2025-02-23 00:56:19","2025-02-23 01:45:39",2960,0,"2025-02-23 01:01:05"
Mercury#4,"2025-02-23 00:56:19","2025-02-23 01:45:39",2960,0,"2025-02-23 01:01:02"
Mercury#4,"2025-02-23 00:56:19","2025-02-23 01:45:39",2960,0,"2025-02-23 01:00:41"
Mercury#4,"2025-02-23 00:56:19","2025-02-23 01:45:39",2960,0,"2025-02-23 00:59:20"
Mercury#4,"2025-02-23 00:56:19","2025-02-23 01:45:39",2960,0,"2025-02-23 00:58:20"
Mercury#4,"2025-02-23 00:56:19","2025-02-23 01:45:39",2960,0,"2025-02-23 00:58:11"
Mercury#4,"2025-02-23 00:56:19","2025-02-23 01:45:39",2960,0,"2025-02-23 00:58:02"
Mercury#4,"2025-02-23 00:56:19","2025-02-23 01:45:39",2960,0,"2025-02-23 00:57:50"
Mercury#4,"2025-02-23 00:56:19","2025-02-23 01:45:39",2960,0,"2025-02-23 00:57:41"
Mercury#4,"2025-02-23 00:56:19","2025-02-23 01:45:39",2960,0,"2025-02-23 00:57:32"
Mercury#4,"2025-02-23 00:56:19","2025-02-23 01:45:39",2960,0,"2025-02-23 00:57:20"
Mercury#4,"2025-02-23 00:56:19","2025-02-23 01:45:39",2960,0,"2025-02-23 00:57:11"
Mercury#4,"2025-02-23 00:56:19","2025-02-23 01:45:39",2960,0,"2025-02-23 00:57:02"
Mercury#4,"2025-02-23 00:56:19","2025-02-23 01:45:39",2960,0,"2025-02-23 00:56:19"
Mercury#4,"2025-02-23 01:45:40","2025-02-23 01:45:59",19,150,"2025-02-23 01:45:41"
Mercury#4,"2025-02-23 01:45:40","2025-02-23 01:45:59",19,0,"2025-02-23 01:45:40"
Mercury#4,"2025-02-23 01:56:06","2025-02-23 02:56:28",3622,0,"2025-02-23 02:19:27"
Mercury#4,"2025-02-23 01:56:06","2025-02-23 02:56:28",3622,0,"2025-02-23 02:14:24"
Mercury#4,"2025-02-23 01:56:06","2025-02-23 02:56:28",3622,0,"2025-02-23 02:09:27"
Mercury#4,"2025-02-23 01:56:06","2025-02-23 02:56:28",3622,0,"2025-02-23 02:07:42"
Mercury#4,"2025-02-23 01:56:06","2025-02-23 02:56:28",3622,0,"2025-02-23 02:07:36"
Mercury#4,"2025-02-23 01:56:06","2025-02-23 02:56:28",3622,0,"2025-02-23 02:07:21"
Mercury#4,"2025-02-23 01:56:06","2025-02-23 02:56:28",3622,0,"2025-02-23 02:07:06"
Mercury#4,"2025-02-23 01:56:06","2025-02-23 02:56:28",3622,0,"2025-02-23 02:04:07"
Mercury#4,"2025-02-23 01:56:06","2025-02-23 02:56:28",3622,0,"2025-02-23 02:04:03"
Mercury#4,"2025-02-23 01:56:06","2025-02-23 02:56:28",3622,0,"2025-02-23 02:03:42"
Mercury#4,"2025-02-23 01:56:06","2025-02-23 02:56:28",3622,0,"2025-02-23 02:03:27"
Mercury#4,"2025-02-23 01:56:06","2025-02-23 02:56:28",3622,0,"2025-02-23 02:03:03"
Mercury#4,"2025-02-23 01:56:06","2025-02-23 02:56:28",3622,0,"2025-02-23 02:02:57"
Mercury#4,"2025-02-23 01:56:06","2025-02-23 02:56:28",3622,0,"2025-02-23 02:02:36"
Mercury#4,"2025-02-23 01:56:06","2025-02-23 02:56:28",3622,0,"2025-02-23 02:02:21"
Mercury#4,"2025-02-23 01:56:06","2025-02-23 02:56:28",3622,0,"2025-02-23 02:01:57"
Mercury#4,"2025-02-23 01:56:06","2025-02-23 02:56:28",3622,0,"2025-02-23 02:01:51"
Mercury#4,"2025-02-23 01:56:06","2025-02-23 02:56:28",3622,0,"2025-02-23 02:01:33"
Mercury#4,"2025-02-23 01:56:06","2025-02-23 02:56:28",3622,0,"2025-02-23 02:01:18"
Mercury#4,"2025-02-23 01:56:06","2025-02-23 02:56:28",3622,0,"2025-02-23 02:00:52"
Mercury#4,"2025-02-23 01:56:06","2025-02-23 02:56:28",3622,0,"2025-02-23 02:00:48"
Mercury#4,"2025-02-23 01:56:06","2025-02-23 02:56:28",3622,0,"2025-02-23 02:00:27"
Mercury#4,"2025-02-23 01:56:06","2025-02-23 02:56:28",3622,0,"2025-02-23 01:59:06"
Mercury#4,"2025-02-23 01:56:06","2025-02-23 02:56:28",3622,0,"2025-02-23 01:58:06"
Mercury#4,"2025-02-23 01:56:06","2025-02-23 02:56:28",3622,0,"2025-02-23 01:57:57"
Mercury#4,"2025-02-23 01:56:06","2025-02-23 02:56:28",3622,0,"2025-02-23 01:57:48"
Mercury#4,"2025-02-23 01:56:06","2025-02-23 02:56:28",3622,0,"2025-02-23 01:57:36"
Mercury#4,"2025-02-23 01:56:06","2025-02-23 02:56:28",3622,0,"2025-02-23 01:57:27"
Mercury#4,"2025-02-23 01:56:06","2025-02-23 02:56:28",3622,0,"2025-02-23 01:57:18"
Mercury#4,"2025-02-23 01:56:06","2025-02-23 02:56:28",3622,0,"2025-02-23 01:57:06"
Mercury#4,"2025-02-23 01:56:06","2025-02-23 02:56:28",3622,0,"2025-02-23 01:56:57"
Mercury#4,"2025-02-23 01:56:06","2025-02-23 02:56:28",3622,0,"2025-02-23 01:56:48"
Mercury#4,"2025-02-23 01:56:06","2025-02-23 02:56:28",3622,0,"2025-02-23 01:56:06"
Mercury#4,"2025-02-23 02:56:29","2025-02-23 02:56:47",18,149,"2025-02-23 02:56:30"
Mercury#4,"2025-02-23 02:56:29","2025-02-23 02:56:47",18,0,"2025-02-23 02:56:29"
Mercury#4,"2025-02-23 03:11:54","2025-02-23 04:20:26",4112,0,"2025-02-23 03:41:16"
Mercury#4,"2025-02-23 03:11:54","2025-02-23 04:20:26",4112,0,"2025-02-23 03:31:10"
Mercury#4,"2025-02-23 03:11:54","2025-02-23 04:20:26",4112,0,"2025-02-23 03:26:07"
Mercury#4,"2025-02-23 03:11:54","2025-02-23 04:20:26",4112,0,"2025-02-23 03:23:31"
Mercury#4,"2025-02-23 03:11:54","2025-02-23 04:20:26",4112,0,"2025-02-23 03:23:25"
Mercury#4,"2025-02-23 03:11:54","2025-02-23 04:20:26",4112,0,"2025-02-23 03:23:10"
Mercury#4,"2025-02-23 03:11:54","2025-02-23 04:20:26",4112,0,"2025-02-23 03:22:55"
Mercury#4,"2025-02-23 03:11:54","2025-02-23 04:20:26",4112,0,"2025-02-23 03:19:55"
Mercury#4,"2025-02-23 03:11:54","2025-02-23 04:20:26",4112,0,"2025-02-23 03:19:49"
Mercury#4,"2025-02-23 03:11:54","2025-02-23 04:20:26",4112,0,"2025-02-23 03:19:31"
Mercury#4,"2025-02-23 03:11:54","2025-02-23 04:20:26",4112,0,"2025-02-23 03:19:16"
Mercury#4,"2025-02-23 03:11:54","2025-02-23 04:20:26",4112,0,"2025-02-23 03:18:49"
Mercury#4,"2025-02-23 03:11:54","2025-02-23 04:20:26",4112,0,"2025-02-23 03:18:46"
Mercury#4,"2025-02-23 03:11:54","2025-02-23 04:20:26",4112,0,"2025-02-23 03:18:25"
Mercury#4,"2025-02-23 03:11:54","2025-02-23 04:20:26",4112,0,"2025-02-23 03:18:10"
Mercury#4,"2025-02-23 03:11:54","2025-02-23 04:20:26",4112,0,"2025-02-23 03:17:46"
Mercury#4,"2025-02-23 03:11:54","2025-02-23 04:20:26",4112,0,"2025-02-23 03:17:40"
Mercury#4,"2025-02-23 03:11:54","2025-02-23 04:20:26",4112,0,"2025-02-23 03:17:19"
Mercury#4,"2025-02-23 03:11:54","2025-02-23 04:20:26",4112,0,"2025-02-23 03:17:04"
Mercury#4,"2025-02-23 03:11:54","2025-02-23 04:20:26",4112,0,"2025-02-23 03:16:40"
Mercury#4,"2025-02-23 03:11:54","2025-02-23 04:20:26",4112,0,"2025-02-23 03:16:34"
Mercury#4,"2025-02-23 03:11:54","2025-02-23 04:20:26",4112,0,"2025-02-23 03:16:16"
Mercury#4,"2025-02-23 03:11:54","2025-02-23 04:20:26",4112,0,"2025-02-23 03:14:55"
Mercury#4,"2025-02-23 03:11:54","2025-02-23 04:20:26",4112,0,"2025-02-23 03:13:55"
Mercury#4,"2025-02-23 03:11:54","2025-02-23 04:20:26",4112,0,"2025-02-23 03:13:46"
Mercury#4,"2025-02-23 03:11:54","2025-02-23 04:20:26",4112,0,"2025-02-23 03:13:34"
Mercury#4,"2025-02-23 03:11:54","2025-02-23 04:20:26",4112,0,"2025-02-23 03:13:25"
Mercury#4,"2025-02-23 03:11:54","2025-02-23 04:20:26",4112,0,"2025-02-23 03:13:16"
Mercury#4,"2025-02-23 03:11:54","2025-02-23 04:20:26",4112,0,"2025-02-23 03:13:04"
Mercury#4,"2025-02-23 03:11:54","2025-02-23 04:20:26",4112,0,"2025-02-23 03:12:55"
Mercury#4,"2025-02-23 03:11:54","2025-02-23 04:20:26",4112,0,"2025-02-23 03:12:46"
Mercury#4,"2025-02-23 03:11:54","2025-02-23 04:20:26",4112,0,"2025-02-23 03:12:34"
Mercury#4,"2025-02-23 03:11:54","2025-02-23 04:20:26",4112,0,"2025-02-23 03:11:54"
Mercury#4,"2025-02-23 04:20:27","2025-02-23 04:20:45",18,147,"2025-02-23 04:20:28"
Mercury#4,"2025-02-23 04:20:27","2025-02-23 04:20:45",18,0,"2025-02-23 04:20:27"
Mercury#4,"2025-02-23 04:27:21","2025-02-23 05:35:59",4118,0,"2025-02-23 04:56:45"
Mercury#4,"2025-02-23 04:27:21","2025-02-23 05:35:59",4118,0,"2025-02-23 04:46:39"
Mercury#4,"2025-02-23 04:27:21","2025-02-23 05:35:59",4118,0,"2025-02-23 04:41:36"
Mercury#4,"2025-02-23 04:27:21","2025-02-23 05:35:59",4118,0,"2025-02-23 04:38:57"
Mercury#4,"2025-02-23 04:27:21","2025-02-23 05:35:59",4118,0,"2025-02-23 04:38:51"
Mercury#4,"2025-02-23 04:27:21","2025-02-23 05:35:59",4118,0,"2025-02-23 04:38:36"
Mercury#4,"2025-02-23 04:27:21","2025-02-23 05:35:59",4118,0,"2025-02-23 04:38:21"
Mercury#4,"2025-02-23 04:27:21","2025-02-23 05:35:59",4118,0,"2025-02-23 04:35:22"
Mercury#4,"2025-02-23 04:27:21","2025-02-23 05:35:59",4118,0,"2025-02-23 04:35:18"
Mercury#4,"2025-02-23 04:27:21","2025-02-23 05:35:59",4118,0,"2025-02-23 04:34:57"
Mercury#4,"2025-02-23 04:27:21","2025-02-23 05:35:59",4118,0,"2025-02-23 04:34:42"
Mercury#4,"2025-02-23 04:27:21","2025-02-23 05:35:59",4118,0,"2025-02-23 04:34:18"
Mercury#4,"2025-02-23 04:27:21","2025-02-23 05:35:59",4118,0,"2025-02-23 04:34:12"
Mercury#4,"2025-02-23 04:27:21","2025-02-23 05:35:59",4118,0,"2025-02-23 04:33:51"
Mercury#4,"2025-02-23 04:27:21","2025-02-23 05:35:59",4118,0,"2025-02-23 04:33:36"
Mercury#4,"2025-02-23 04:27:21","2025-02-23 05:35:59",4118,0,"2025-02-23 04:33:12"
Mercury#4,"2025-02-23 04:27:21","2025-02-23 05:35:59",4118,0,"2025-02-23 04:33:06"
Mercury#4,"2025-02-23 04:27:21","2025-02-23 05:35:59",4118,0,"2025-02-23 04:32:48"
Mercury#4,"2025-02-23 04:27:21","2025-02-23 05:35:59",4118,0,"2025-02-23 04:32:33"
Mercury#4,"2025-02-23 04:27:21","2025-02-23 05:35:59",4118,0,"2025-02-23 04:32:07"
Mercury#4,"2025-02-23 04:27:21","2025-02-23 05:35:59",4118,0,"2025-02-23 04:32:03"
Mercury#4,"2025-02-23 04:27:21","2025-02-23 05:35:59",4118,0,"2025-02-23 04:31:42"
Mercury#4,"2025-02-23 04:27:21","2025-02-23 05:35:59",4118,0,"2025-02-23 04:30:21"
Mercury#4,"2025-02-23 04:27:21","2025-02-23 05:35:59",4118,0,"2025-02-23 04:29:21"
Mercury#4,"2025-02-23 04:27:21","2025-02-23 05:35:59",4118,0,"2025-02-23 04:29:12"
Mercury#4,"2025-02-23 04:27:21","2025-02-23 05:35:59",4118,0,"2025-02-23 04:29:03"
Mercury#4,"2025-02-23 04:27:21","2025-02-23 05:35:59",4118,0,"2025-02-23 04:28:51"
Mercury#4,"2025-02-23 04:27:21","2025-02-23 05:35:59",4118,0,"2025-02-23 04:28:42"
Mercury#4,"2025-02-23 04:27:21","2025-02-23 05:35:59",4118,0,"2025-02-23 04:28:33"
Mercury#4,"2025-02-23 04:27:21","2025-02-23 05:35:59",4118,0,"2025-02-23 04:28:21"
Mercury#4,"2025-02-23 04:27:21","2025-02-23 05:35:59",4118,0,"2025-02-23 04:28:12"
Mercury#4,"2025-02-23 04:27:21","2025-02-23 05:35:59",4118,0,"2025-02-23 04:28:03"
Mercury#4,"2025-02-23 04:27:21","2025-02-23 05:35:59",4118,0,"2025-02-23 04:27:21"
Mercury#4,"2025-02-23 05:35:59","2025-02-23 05:36:18",19,150,"2025-02-23 05:36:00"
Mercury#4,"2025-02-23 05:35:59","2025-02-23 05:36:18",19,0,"2025-02-23 05:35:59"
Mercury#4,"2025-02-23 06:04:05","2025-02-23 07:21:11",4626,0,"2025-02-23 06:26:00"
Mercury#4,"2025-02-23 06:04:05","2025-02-23 07:21:11",4626,0,"2025-02-23 06:20:45"
Mercury#4,"2025-02-23 06:04:05","2025-02-23 07:21:11",4626,0,"2025-02-23 06:15:42"
Mercury#4,"2025-02-23 06:04:05","2025-02-23 07:21:11",4626,0,"2025-02-23 06:15:36"
Mercury#4,"2025-02-23 06:04:05","2025-02-23 07:21:11",4626,0,"2025-02-23 06:15:21"
Mercury#4,"2025-02-23 06:04:05","2025-02-23 07:21:11",4626,0,"2025-02-23 06:15:06"
Mercury#4,"2025-02-23 06:04:05","2025-02-23 07:21:11",4626,0,"2025-02-23 06:12:06"
Mercury#4,"2025-02-23 06:04:05","2025-02-23 07:21:11",4626,0,"2025-02-23 06:12:03"
Mercury#4,"2025-02-23 06:04:05","2025-02-23 07:21:11",4626,0,"2025-02-23 06:11:42"
Mercury#4,"2025-02-23 06:04:05","2025-02-23 07:21:11",4626,0,"2025-02-23 06:11:27"
Mercury#4,"2025-02-23 06:04:05","2025-02-23 07:21:11",4626,0,"2025-02-23 06:11:03"
Mercury#4,"2025-02-23 06:04:05","2025-02-23 07:21:11",4626,0,"2025-02-23 06:10:57"
Mercury#4,"2025-02-23 06:04:05","2025-02-23 07:21:11",4626,0,"2025-02-23 06:10:36"
Mercury#4,"2025-02-23 06:04:05","2025-02-23 07:21:11",4626,0,"2025-02-23 06:10:21"
Mercury#4,"2025-02-23 06:04:05","2025-02-23 07:21:11",4626,0,"2025-02-23 06:09:57"
Mercury#4,"2025-02-23 06:04:05","2025-02-23 07:21:11",4626,0,"2025-02-23 06:09:51"
Mercury#4,"2025-02-23 06:04:05","2025-02-23 07:21:11",4626,0,"2025-02-23 06:09:33"
Mercury#4,"2025-02-23 06:04:05","2025-02-23 07:21:11",4626,0,"2025-02-23 06:09:18"
Mercury#4,"2025-02-23 06:04:05","2025-02-23 07:21:11",4626,0,"2025-02-23 06:08:51"
Mercury#4,"2025-02-23 06:04:05","2025-02-23 07:21:11",4626,0,"2025-02-23 06:08:48"
Mercury#4,"2025-02-23 06:04:05","2025-02-23 07:21:11",4626,0,"2025-02-23 06:08:27"
Mercury#4,"2025-02-23 06:04:05","2025-02-23 07:21:11",4626,0,"2025-02-23 06:07:06"
Mercury#4,"2025-02-23 06:04:05","2025-02-23 07:21:11",4626,0,"2025-02-23 06:06:06"
Mercury#4,"2025-02-23 06:04:05","2025-02-23 07:21:11",4626,0,"2025-02-23 06:05:57"
Mercury#4,"2025-02-23 06:04:05","2025-02-23 07:21:11",4626,0,"2025-02-23 06:05:48"
Mercury#4,"2025-02-23 06:04:05","2025-02-23 07:21:11",4626,0,"2025-02-23 06:05:36"
Mercury#4,"2025-02-23 06:04:05","2025-02-23 07:21:11",4626,0,"2025-02-23 06:05:27"
Mercury#4,"2025-02-23 06:04:05","2025-02-23 07:21:11",4626,0,"2025-02-23 06:05:18"
Mercury#4,"2025-02-23 06:04:05","2025-02-23 07:21:11",4626,0,"2025-02-23 06:05:06"
Mercury#4,"2025-02-23 06:04:05","2025-02-23 07:21:11",4626,0,"2025-02-23 06:04:57"
Mercury#4,"2025-02-23 06:04:05","2025-02-23 07:21:11",4626,0,"2025-02-23 06:04:48"
Mercury#4,"2025-02-23 06:04:05","2025-02-23 07:21:11",4626,0,"2025-02-23 06:04:06"
Mercury#4,"2025-02-23 07:21:12","2025-02-23 07:21:30",18,150,"2025-02-23 07:21:13"
Mercury#4,"2025-02-23 07:21:12","2025-02-23 07:21:30",18,0,"2025-02-23 07:21:12"
Mercury#4,"2025-02-23 07:40:13","2025-02-23 08:21:08",2455,0,"2025-02-23 08:10:17"
Mercury#4,"2025-02-23 07:40:13","2025-02-23 08:21:08",2455,0,"2025-02-23 08:05:14"
Mercury#4,"2025-02-23 07:40:13","2025-02-23 08:21:08",2455,0,"2025-02-23 08:05:05"
Mercury#4,"2025-02-23 07:40:13","2025-02-23 08:21:08",2455,0,"2025-02-23 08:04:53"
Mercury#4,"2025-02-23 07:40:13","2025-02-23 08:21:08",2455,0,"2025-02-23 08:04:14"
Mercury#4,"2025-02-23 07:40:13","2025-02-23 08:21:08",2455,0,"2025-02-23 08:04:05"
Mercury#4,"2025-02-23 07:40:13","2025-02-23 08:21:08",2455,0,"2025-02-23 08:03:53"
Mercury#4,"2025-02-23 07:40:13","2025-02-23 08:21:08",2455,0,"2025-02-23 08:03:23"
Mercury#4,"2025-02-23 07:40:13","2025-02-23 08:21:08",2455,0,"2025-02-23 08:03:08"
Mercury#4,"2025-02-23 07:40:13","2025-02-23 08:21:08",2455,0,"2025-02-23 08:02:44"
Mercury#4,"2025-02-23 07:40:13","2025-02-23 08:21:08",2455,0,"2025-02-23 08:02:38"
Mercury#4,"2025-02-23 07:40:13","2025-02-23 08:21:08",2455,0,"2025-02-23 08:02:20"
Mercury#4,"2025-02-23 07:40:13","2025-02-23 08:21:08",2455,0,"2025-02-23 08:02:05"
Mercury#4,"2025-02-23 07:40:13","2025-02-23 08:21:08",2455,0,"2025-02-23 08:01:39"
Mercury#4,"2025-02-23 07:40:13","2025-02-23 08:21:08",2455,0,"2025-02-23 08:01:35"
Mercury#4,"2025-02-23 07:40:13","2025-02-23 08:21:08",2455,0,"2025-02-23 08:01:14"
Mercury#4,"2025-02-23 07:40:13","2025-02-23 08:21:08",2455,0,"2025-02-23 08:00:59"
Mercury#4,"2025-02-23 07:40:13","2025-02-23 08:21:08",2455,0,"2025-02-23 08:00:35"
Mercury#4,"2025-02-23 07:40:13","2025-02-23 08:21:08",2455,0,"2025-02-23 08:00:29"
Mercury#4,"2025-02-23 07:40:13","2025-02-23 08:21:08",2455,0,"2025-02-23 08:00:08"
Mercury#4,"2025-02-23 07:40:13","2025-02-23 08:21:08",2455,0,"2025-02-23 07:59:29"
Mercury#4,"2025-02-23 07:40:13","2025-02-23 08:21:08",2455,0,"2025-02-23 07:59:08"
Mercury#4,"2025-02-23 07:40:13","2025-02-23 08:21:08",2455,0,"2025-02-23 07:58:50"
Mercury#4,"2025-02-23 07:40:13","2025-02-23 08:21:08",2455,0,"2025-02-23 07:58:20"
Mercury#4,"2025-02-23 07:40:13","2025-02-23 08:21:08",2455,0,"2025-02-23 07:57:59"
Mercury#4,"2025-02-23 07:40:13","2025-02-23 08:21:08",2455,0,"2025-02-23 07:57:44"
Mercury#4,"2025-02-23 07:40:13","2025-02-23 08:21:08",2455,0,"2025-02-23 07:57:20"
Mercury#4,"2025-02-23 07:40:13","2025-02-23 08:21:08",2455,0,"2025-02-23 07:57:14"
Mercury#4,"2025-02-23 07:40:13","2025-02-23 08:21:08",2455,0,"2025-02-23 07:56:53"
Mercury#4,"2025-02-23 07:40:13","2025-02-23 08:21:08",2455,0,"2025-02-23 07:56:38"
Mercury#4,"2025-02-23 07:40:13","2025-02-23 08:21:08",2455,0,"2025-02-23 07:56:14"
Mercury#4,"2025-02-23 07:40:13","2025-02-23 08:21:08",2455,0,"2025-02-23 07:56:08"
Mercury#4,"2025-02-23 07:40:13","2025-02-23 08:21:08",2455,0,"2025-02-23 07:55:50"
Mercury#4,"2025-02-23 07:40:13","2025-02-23 08:21:08",2455,0,"2025-02-23 07:55:35"
Mercury#4,"2025-02-23 07:40:13","2025-02-23 08:21:08",2455,0,"2025-02-23 07:55:09"
Mercury#4,"2025-02-23 07:40:13","2025-02-23 08:21:08",2455,0,"2025-02-23 07:55:05"
Mercury#4,"2025-02-23 07:40:13","2025-02-23 08:21:08",2455,0,"2025-02-23 07:54:44"
Mercury#4,"2025-02-23 07:40:13","2025-02-23 08:21:08",2455,0,"2025-02-23 07:54:35"
Mercury#4,"2025-02-23 07:40:13","2025-02-23 08:21:08",2455,0,"2025-02-23 07:54:14"
Mercury#4,"2025-02-23 07:40:13","2025-02-23 08:21:08",2455,0,"2025-02-23 07:51:35"
Mercury#4,"2025-02-23 07:40:13","2025-02-23 08:21:08",2455,0,"2025-02-23 07:51:20"
Mercury#4,"2025-02-23 07:40:13","2025-02-23 08:21:08",2455,0,"2025-02-23 07:51:05"
Mercury#4,"2025-02-23 07:40:13","2025-02-23 08:21:08",2455,0,"2025-02-23 07:50:50"
Mercury#4,"2025-02-23 07:40:13","2025-02-23 08:21:08",2455,0,"2025-02-23 07:50:35"
Mercury#4,"2025-02-23 07:40:13","2025-02-23 08:21:08",2455,0,"2025-02-23 07:47:35"
Mercury#4,"2025-02-23 07:40:13","2025-02-23 08:21:08",2455,0,"2025-02-23 07:47:29"
Mercury#4,"2025-02-23 07:40:13","2025-02-23 08:21:08",2455,0,"2025-02-23 07:47:08"
Mercury#4,"2025-02-23 07:40:13","2025-02-23 08:21:08",2455,0,"2025-02-23 07:46:53"
Mercury#4,"2025-02-23 07:40:13","2025-02-23 08:21:08",2455,0,"2025-02-23 07:46:29"
Mercury#4,"2025-02-23 07:40:13","2025-02-23 08:21:08",2455,0,"2025-02-23 07:46:23"
Mercury#4,"2025-02-23 07:40:13","2025-02-23 08:21:08",2455,0,"2025-02-23 07:46:05"
Mercury#4,"2025-02-23 07:40:13","2025-02-23 08:21:08",2455,0,"2025-02-23 07:45:50"
Mercury#4,"2025-02-23 07:40:13","2025-02-23 08:21:08",2455,0,"2025-02-23 07:45:24"
Mercury#4,"2025-02-23 07:40:13","2025-02-23 08:21:08",2455,0,"2025-02-23 07:45:20"
Mercury#4,"2025-02-23 07:40:13","2025-02-23 08:21:08",2455,0,"2025-02-23 07:44:59"
Mercury#4,"2025-02-23 07:40:13","2025-02-23 08:21:08",2455,0,"2025-02-23 07:44:44"
Mercury#4,"2025-02-23 07:40:13","2025-02-23 08:21:08",2455,0,"2025-02-23 07:44:20"
Mercury#4,"2025-02-23 07:40:13","2025-02-23 08:21:08",2455,0,"2025-02-23 07:44:14"
Mercury#4,"2025-02-23 07:40:13","2025-02-23 08:21:08",2455,0,"2025-02-23 07:43:53"
Mercury#4,"2025-02-23 07:40:13","2025-02-23 08:21:08",2455,0,"2025-02-23 07:42:35"
Mercury#4,"2025-02-23 07:40:13","2025-02-23 08:21:08",2455,0,"2025-02-23 07:41:35"
Mercury#4,"2025-02-23 07:40:13","2025-02-23 08:21:08",2455,0,"2025-02-23 07:41:23"
Mercury#4,"2025-02-23 07:40:13","2025-02-23 08:21:08",2455,0,"2025-02-23 07:41:14"
Mercury#4,"2025-02-23 07:40:13","2025-02-23 08:21:08",2455,0,"2025-02-23 07:41:05"
Mercury#4,"2025-02-23 07:40:13","2025-02-23 08:21:08",2455,0,"2025-02-23 07:40:53"
Mercury#4,"2025-02-23 07:40:13","2025-02-23 08:21:08",2455,0,"2025-02-23 07:40:44"
Mercury#4,"2025-02-23 07:40:13","2025-02-23 08:21:08",2455,0,"2025-02-23 07:40:35"
Mercury#4,"2025-02-23 07:40:13","2025-02-23 08:21:08",2455,0,"2025-02-23 07:40:23"
Mercury#4,"2025-02-23 07:40:13","2025-02-23 08:21:08",2455,0,"2025-02-23 07:40:13"
Mercury#4,"2025-02-23 08:21:09","2025-02-23 08:21:28",19,147,"2025-02-23 08:21:10"
Mercury#4,"2025-02-23 08:21:09","2025-02-23 08:21:28",19,0,"2025-02-23 08:21:09"
Mercury#4,"2025-02-23 08:47:10","2025-02-23 10:04:02",4612,0,"2025-02-23 09:09:02"
Mercury#4,"2025-02-23 08:47:10","2025-02-23 10:04:02",4612,0,"2025-02-23 09:03:50"
Mercury#4,"2025-02-23 08:47:10","2025-02-23 10:04:02",4612,0,"2025-02-23 08:58:47"
Mercury#4,"2025-02-23 08:47:10","2025-02-23 10:04:02",4612,0,"2025-02-23 08:58:41"
Mercury#4,"2025-02-23 08:47:10","2025-02-23 10:04:02",4612,0,"2025-02-23 08:58:26"
Mercury#4,"2025-02-23 08:47:10","2025-02-23 10:04:02",4612,0,"2025-02-23 08:58:11"
Mercury#4,"2025-02-23 08:47:10","2025-02-23 10:04:02",4612,0,"2025-02-23 08:55:11"
Mercury#4,"2025-02-23 08:47:10","2025-02-23 10:04:02",4612,0,"2025-02-23 08:55:08"
Mercury#4,"2025-02-23 08:47:10","2025-02-23 10:04:02",4612,0,"2025-02-23 08:54:47"
Mercury#4,"2025-02-23 08:47:10","2025-02-23 10:04:02",4612,0,"2025-02-23 08:54:32"
Mercury#4,"2025-02-23 08:47:10","2025-02-23 10:04:02",4612,0,"2025-02-23 08:54:08"
Mercury#4,"2025-02-23 08:47:10","2025-02-23 10:04:02",4612,0,"2025-02-23 08:54:02"
Mercury#4,"2025-02-23 08:47:10","2025-02-23 10:04:02",4612,0,"2025-02-23 08:53:41"
Mercury#4,"2025-02-23 08:47:10","2025-02-23 10:04:02",4612,0,"2025-02-23 08:53:26"
Mercury#4,"2025-02-23 08:47:10","2025-02-23 10:04:02",4612,0,"2025-02-23 08:53:02"
Mercury#4,"2025-02-23 08:47:10","2025-02-23 10:04:02",4612,0,"2025-02-23 08:52:56"
Mercury#4,"2025-02-23 08:47:10","2025-02-23 10:04:02",4612,0,"2025-02-23 08:52:38"
Mercury#4,"2025-02-23 08:47:10","2025-02-23 10:04:02",4612,0,"2025-02-23 08:52:23"
Mercury#4,"2025-02-23 08:47:10","2025-02-23 10:04:02",4612,0,"2025-02-23 08:51:56"
Mercury#4,"2025-02-23 08:47:10","2025-02-23 10:04:02",4612,0,"2025-02-23 08:51:53"
Mercury#4,"2025-02-23 08:47:10","2025-02-23 10:04:02",4612,0,"2025-02-23 08:51:32"
Mercury#4,"2025-02-23 08:47:10","2025-02-23 10:04:02",4612,0,"2025-02-23 08:50:11"
Mercury#4,"2025-02-23 08:47:10","2025-02-23 10:04:02",4612,0,"2025-02-23 08:49:11"
Mercury#4,"2025-02-23 08:47:10","2025-02-23 10:04:02",4612,0,"2025-02-23 08:49:02"
Mercury#4,"2025-02-23 08:47:10","2025-02-23 10:04:02",4612,0,"2025-02-23 08:48:53"
Mercury#4,"2025-02-23 08:47:10","2025-02-23 10:04:02",4612,0,"2025-02-23 08:48:41"
Mercury#4,"2025-02-23 08:47:10","2025-02-23 10:04:02",4612,0,"2025-02-23 08:48:32"
Mercury#4,"2025-02-23 08:47:10","2025-02-23 10:04:02",4612,0,"2025-02-23 08:48:23"
Mercury#4,"2025-02-23 08:47:10","2025-02-23 10:04:02",4612,0,"2025-02-23 08:48:11"
Mercury#4,"2025-02-23 08:47:10","2025-02-23 10:04:02",4612,0,"2025-02-23 08:48:02"
Mercury#4,"2025-02-23 08:47:10","2025-02-23 10:04:02",4612,0,"2025-02-23 08:47:53"
Mercury#4,"2025-02-23 08:47:10","2025-02-23 10:04:02",4612,0,"2025-02-23 08:47:11"
Mercury#4,"2025-02-23 10:04:03","2025-02-23 10:04:22",19,150,"2025-02-23 10:04:04"
Mercury#4,"2025-02-23 10:04:03","2025-02-23 10:04:22",19,0,"2025-02-23 10:04:03"
Mercury#4,"2025-02-23 10:49:46","2025-02-23 12:07:20",4654,0,"2025-02-23 11:11:41"
Mercury#4,"2025-02-23 10:49:46","2025-02-23 12:07:20",4654,0,"2025-02-23 11:06:26"
Mercury#4,"2025-02-23 10:49:46","2025-02-23 12:07:20",4654,0,"2025-02-23 11:01:23"
Mercury#4,"2025-02-23 10:49:46","2025-02-23 12:07:20",4654,0,"2025-02-23 11:01:17"
Mercury#4,"2025-02-23 10:49:46","2025-02-23 12:07:20",4654,0,"2025-02-23 11:01:02"
Mercury#4,"2025-02-23 10:49:46","2025-02-23 12:07:20",4654,0,"2025-02-23 11:00:47"
Mercury#4,"2025-02-23 10:49:46","2025-02-23 12:07:20",4654,0,"2025-02-23 10:57:48"
Mercury#4,"2025-02-23 10:49:46","2025-02-23 12:07:20",4654,0,"2025-02-23 10:57:44"
Mercury#4,"2025-02-23 10:49:46","2025-02-23 12:07:20",4654,0,"2025-02-23 10:57:23"
Mercury#4,"2025-02-23 10:49:46","2025-02-23 12:07:20",4654,0,"2025-02-23 10:57:08"
Mercury#4,"2025-02-23 10:49:46","2025-02-23 12:07:20",4654,0,"2025-02-23 10:56:44"
Mercury#4,"2025-02-23 10:49:46","2025-02-23 12:07:20",4654,0,"2025-02-23 10:56:38"
Mercury#4,"2025-02-23 10:49:46","2025-02-23 12:07:20",4654,0,"2025-02-23 10:56:17"
Mercury#4,"2025-02-23 10:49:46","2025-02-23 12:07:20",4654,0,"2025-02-23 10:56:02"
Mercury#4,"2025-02-23 10:49:46","2025-02-23 12:07:20",4654,0,"2025-02-23 10:55:38"
Mercury#4,"2025-02-23 10:49:46","2025-02-23 12:07:20",4654,0,"2025-02-23 10:55:32"
Mercury#4,"2025-02-23 10:49:46","2025-02-23 12:07:20",4654,0,"2025-02-23 10:55:14"
Mercury#4,"2025-02-23 10:49:46","2025-02-23 12:07:20",4654,0,"2025-02-23 10:54:59"
Mercury#4,"2025-02-23 10:49:46","2025-02-23 12:07:20",4654,0,"2025-02-23 10:54:33"
Mercury#4,"2025-02-23 10:49:46","2025-02-23 12:07:20",4654,0,"2025-02-23 10:54:29"
Mercury#4,"2025-02-23 10:49:46","2025-02-23 12:07:20",4654,0,"2025-02-23 10:54:08"
Mercury#4,"2025-02-23 10:49:46","2025-02-23 12:07:20",4654,0,"2025-02-23 10:52:47"
Mercury#4,"2025-02-23 10:49:46","2025-02-23 12:07:20",4654,0,"2025-02-23 10:51:47"
Mercury#4,"2025-02-23 10:49:46","2025-02-23 12:07:20",4654,0,"2025-02-23 10:51:38"
Mercury#4,"2025-02-23 10:49:46","2025-02-23 12:07:20",4654,0,"2025-02-23 10:51:29"
Mercury#4,"2025-02-23 10:49:46","2025-02-23 12:07:20",4654,0,"2025-02-23 10:51:17"
Mercury#4,"2025-02-23 10:49:46","2025-02-23 12:07:20",4654,0,"2025-02-23 10:51:08"
Mercury#4,"2025-02-23 10:49:46","2025-02-23 12:07:20",4654,0,"2025-02-23 10:50:59"
Mercury#4,"2025-02-23 10:49:46","2025-02-23 12:07:20",4654,0,"2025-02-23 10:50:47"
Mercury#4,"2025-02-23 10:49:46","2025-02-23 12:07:20",4654,0,"2025-02-23 10:50:38"
Mercury#4,"2025-02-23 10:49:46","2025-02-23 12:07:20",4654,0,"2025-02-23 10:50:29"
Mercury#4,"2025-02-23 10:49:46","2025-02-23 12:07:20",4654,0,"2025-02-23 10:49:47"
Mercury#4,"2025-02-23 12:07:20","2025-02-23 12:07:39",19,150,"2025-02-23 12:07:21"
Mercury#4,"2025-02-23 12:07:20","2025-02-23 12:07:39",19,0,"2025-02-23 12:07:20"
Mercury#4,"2025-02-23 12:57:21","2025-02-23 13:54:59",3458,0,"2025-02-23 13:25:07"
Mercury#4,"2025-02-23 12:57:21","2025-02-23 13:54:59",3458,0,"2025-02-23 13:20:04"
Mercury#4,"2025-02-23 12:57:21","2025-02-23 13:54:59",3458,0,"2025-02-23 13:19:49"
Mercury#4,"2025-02-23 12:57:21","2025-02-23 13:54:59",3458,0,"2025-02-23 13:19:34"
Mercury#4,"2025-02-23 12:57:21","2025-02-23 13:54:59",3458,0,"2025-02-23 13:19:19"
Mercury#4,"2025-02-23 12:57:21","2025-02-23 13:54:59",3458,0,"2025-02-23 13:19:04"
Mercury#4,"2025-02-23 12:57:21","2025-02-23 13:54:59",3458,0,"2025-02-23 13:18:38"
Mercury#4,"2025-02-23 12:57:21","2025-02-23 13:54:59",3458,0,"2025-02-23 13:18:34"
Mercury#4,"2025-02-23 12:57:21","2025-02-23 13:54:59",3458,0,"2025-02-23 13:18:13"
Mercury#4,"2025-02-23 12:57:21","2025-02-23 13:54:59",3458,0,"2025-02-23 13:17:58"
Mercury#4,"2025-02-23 12:57:21","2025-02-23 13:54:59",3458,0,"2025-02-23 13:17:34"
Mercury#4,"2025-02-23 12:57:21","2025-02-23 13:54:59",3458,0,"2025-02-23 13:17:28"
Mercury#4,"2025-02-23 12:57:21","2025-02-23 13:54:59",3458,0,"2025-02-23 13:17:07"
Mercury#4,"2025-02-23 12:57:21","2025-02-23 13:54:59",3458,0,"2025-02-23 13:16:52"
Mercury#4,"2025-02-23 12:57:21","2025-02-23 13:54:59",3458,0,"2025-02-23 13:16:28"
Mercury#4,"2025-02-23 12:57:21","2025-02-23 13:54:59",3458,0,"2025-02-23 13:16:22"
Mercury#4,"2025-02-23 12:57:21","2025-02-23 13:54:59",3458,0,"2025-02-23 13:16:04"
Mercury#4,"2025-02-23 12:57:21","2025-02-23 13:54:59",3458,0,"2025-02-23 13:15:38"
Mercury#4,"2025-02-23 12:57:21","2025-02-23 13:54:59",3458,0,"2025-02-23 13:15:34"
Mercury#4,"2025-02-23 12:57:21","2025-02-23 13:54:59",3458,0,"2025-02-23 13:15:19"
Mercury#4,"2025-02-23 12:57:21","2025-02-23 13:54:59",3458,0,"2025-02-23 13:15:07"
Mercury#4,"2025-02-23 12:57:21","2025-02-23 13:54:59",3458,0,"2025-02-23 13:10:34"
Mercury#4,"2025-02-23 12:57:21","2025-02-23 13:54:59",3458,0,"2025-02-23 13:08:52"
Mercury#4,"2025-02-23 12:57:21","2025-02-23 13:54:59",3458,0,"2025-02-23 13:08:37"
Mercury#4,"2025-02-23 12:57:21","2025-02-23 13:54:59",3458,0,"2025-02-23 13:08:22"
Mercury#4,"2025-02-23 12:57:21","2025-02-23 13:54:59",3458,0,"2025-02-23 13:05:23"
Mercury#4,"2025-02-23 12:57:21","2025-02-23 13:54:59",3458,0,"2025-02-23 13:05:19"
Mercury#4,"2025-02-23 12:57:21","2025-02-23 13:54:59",3458,0,"2025-02-23 13:04:58"
Mercury#4,"2025-02-23 12:57:21","2025-02-23 13:54:59",3458,0,"2025-02-23 13:04:43"
Mercury#4,"2025-02-23 12:57:21","2025-02-23 13:54:59",3458,0,"2025-02-23 13:04:19"
Mercury#4,"2025-02-23 12:57:21","2025-02-23 13:54:59",3458,0,"2025-02-23 13:04:13"
Mercury#4,"2025-02-23 12:57:21","2025-02-23 13:54:59",3458,0,"2025-02-23 13:03:52"
Mercury#4,"2025-02-23 12:57:21","2025-02-23 13:54:59",3458,0,"2025-02-23 13:03:37"
Mercury#4,"2025-02-23 12:57:21","2025-02-23 13:54:59",3458,0,"2025-02-23 13:03:13"
Mercury#4,"2025-02-23 12:57:21","2025-02-23 13:54:59",3458,0,"2025-02-23 13:03:07"
Mercury#4,"2025-02-23 12:57:21","2025-02-23 13:54:59",3458,0,"2025-02-23 13:02:49"
Mercury#4,"2025-02-23 12:57:21","2025-02-23 13:54:59",3458,0,"2025-02-23 13:02:34"
Mercury#4,"2025-02-23 12:57:21","2025-02-23 13:54:59",3458,0,"2025-02-23 13:02:08"
Mercury#4,"2025-02-23 12:57:21","2025-02-23 13:54:59",3458,0,"2025-02-23 13:02:04"
Mercury#4,"2025-02-23 12:57:21","2025-02-23 13:54:59",3458,0,"2025-02-23 13:01:43"
Mercury#4,"2025-02-23 12:57:21","2025-02-23 13:54:59",3458,0,"2025-02-23 13:00:22"
Mercury#4,"2025-02-23 12:57:21","2025-02-23 13:54:59",3458,0,"2025-02-23 12:59:22"
Mercury#4,"2025-02-23 12:57:21","2025-02-23 13:54:59",3458,0,"2025-02-23 12:59:13"
Mercury#4,"2025-02-23 12:57:21","2025-02-23 13:54:59",3458,0,"2025-02-23 12:59:01"
Mercury#4,"2025-02-23 12:57:21","2025-02-23 13:54:59",3458,0,"2025-02-23 12:58:52"
Mercury#4,"2025-02-23 12:57:21","2025-02-23 13:54:59",3458,0,"2025-02-23 12:58:43"
Mercury#4,"2025-02-23 12:57:21","2025-02-23 13:54:59",3458,0,"2025-02-23 12:58:31"
Mercury#4,"2025-02-23 12:57:21","2025-02-23 13:54:59",3458,0,"2025-02-23 12:58:22"
Mercury#4,"2025-02-23 12:57:21","2025-02-23 13:54:59",3458,0,"2025-02-23 12:58:13"
Mercury#4,"2025-02-23 12:57:21","2025-02-23 13:54:59",3458,0,"2025-02-23 12:58:01"
Mercury#4,"2025-02-23 12:57:21","2025-02-23 13:54:59",3458,0,"2025-02-23 12:57:22"
Mercury#4,"2025-02-23 13:55:00","2025-02-23 13:55:19",19,150,"2025-02-23 13:55:01"
Mercury#4,"2025-02-23 13:55:00","2025-02-23 13:55:19",19,0,"2025-02-23 13:55:00"
Mercury#4,"2025-02-23 14:10:04","2025-02-23 15:27:25",4641,0,"2025-02-23 14:31:56"
Mercury#4,"2025-02-23 14:10:04","2025-02-23 15:27:25",4641,0,"2025-02-23 14:26:44"
Mercury#4,"2025-02-23 14:10:04","2025-02-23 15:27:25",4641,0,"2025-02-23 14:21:41"
Mercury#4,"2025-02-23 14:10:04","2025-02-23 15:27:25",4641,0,"2025-02-23 14:21:35"
Mercury#4,"2025-02-23 14:10:04","2025-02-23 15:27:25",4641,0,"2025-02-23 14:21:20"
Mercury#4,"2025-02-23 14:10:04","2025-02-23 15:27:25",4641,0,"2025-02-23 14:21:05"
Mercury#4,"2025-02-23 14:10:04","2025-02-23 15:27:25",4641,0,"2025-02-23 14:18:05"
Mercury#4,"2025-02-23 14:10:04","2025-02-23 15:27:25",4641,0,"2025-02-23 14:18:02"
Mercury#4,"2025-02-23 14:10:04","2025-02-23 15:27:25",4641,0,"2025-02-23 14:17:41"
Mercury#4,"2025-02-23 14:10:04","2025-02-23 15:27:25",4641,0,"2025-02-23 14:17:26"
Mercury#4,"2025-02-23 14:10:04","2025-02-23 15:27:25",4641,0,"2025-02-23 14:17:02"
Mercury#4,"2025-02-23 14:10:04","2025-02-23 15:27:25",4641,0,"2025-02-23 14:16:56"
Mercury#4,"2025-02-23 14:10:04","2025-02-23 15:27:25",4641,0,"2025-02-23 14:16:35"
Mercury#4,"2025-02-23 14:10:04","2025-02-23 15:27:25",4641,0,"2025-02-23 14:16:20"
Mercury#4,"2025-02-23 14:10:04","2025-02-23 15:27:25",4641,0,"2025-02-23 14:15:56"
Mercury#4,"2025-02-23 14:10:04","2025-02-23 15:27:25",4641,0,"2025-02-23 14:15:50"
Mercury#4,"2025-02-23 14:10:04","2025-02-23 15:27:25",4641,0,"2025-02-23 14:15:32"
Mercury#4,"2025-02-23 14:10:04","2025-02-23 15:27:25",4641,0,"2025-02-23 14:15:17"
Mercury#4,"2025-02-23 14:10:04","2025-02-23 15:27:25",4641,0,"2025-02-23 14:14:50"
Mercury#4,"2025-02-23 14:10:04","2025-02-23 15:27:25",4641,0,"2025-02-23 14:14:47"
Mercury#4,"2025-02-23 14:10:04","2025-02-23 15:27:25",4641,0,"2025-02-23 14:14:26"
Mercury#4,"2025-02-23 14:10:04","2025-02-23 15:27:25",4641,0,"2025-02-23 14:13:05"
Mercury#4,"2025-02-23 14:10:04","2025-02-23 15:27:25",4641,0,"2025-02-23 14:12:05"
Mercury#4,"2025-02-23 14:10:04","2025-02-23 15:27:25",4641,0,"2025-02-23 14:11:56"
Mercury#4,"2025-02-23 14:10:04","2025-02-23 15:27:25",4641,0,"2025-02-23 14:11:44"
Mercury#4,"2025-02-23 14:10:04","2025-02-23 15:27:25",4641,0,"2025-02-23 14:11:35"
Mercury#4,"2025-02-23 14:10:04","2025-02-23 15:27:25",4641,0,"2025-02-23 14:11:26"
Mercury#4,"2025-02-23 14:10:04","2025-02-23 15:27:25",4641,0,"2025-02-23 14:11:14"
Mercury#4,"2025-02-23 14:10:04","2025-02-23 15:27:25",4641,0,"2025-02-23 14:11:05"
Mercury#4,"2025-02-23 14:10:04","2025-02-23 15:27:25",4641,0,"2025-02-23 14:10:56"
Mercury#4,"2025-02-23 14:10:04","2025-02-23 15:27:25",4641,0,"2025-02-23 14:10:44"
Mercury#4,"2025-02-23 14:10:04","2025-02-23 15:27:25",4641,0,"2025-02-23 14:10:04"
Mercury#4,"2025-02-23 15:27:25","2025-02-23 15:27:44",19,150,"2025-02-23 15:27:26"
Mercury#4,"2025-02-23 15:27:25","2025-02-23 15:27:44",19,0,"2025-02-23 15:27:25"
Mercury#4,"2025-02-23 15:32:58","2025-02-23 16:41:53",4135,0,"2025-02-23 16:02:11"
Mercury#4,"2025-02-23 15:32:58","2025-02-23 16:41:53",4135,0,"2025-02-23 15:52:14"
Mercury#4,"2025-02-23 15:32:58","2025-02-23 16:41:53",4135,0,"2025-02-23 15:47:11"
Mercury#4,"2025-02-23 15:32:58","2025-02-23 16:41:53",4135,0,"2025-02-23 15:44:35"
Mercury#4,"2025-02-23 15:32:58","2025-02-23 16:41:53",4135,0,"2025-02-23 15:44:29"
Mercury#4,"2025-02-23 15:32:58","2025-02-23 16:41:53",4135,0,"2025-02-23 15:44:14"
Mercury#4,"2025-02-23 15:32:58","2025-02-23 16:41:53",4135,0,"2025-02-23 15:43:59"
Mercury#4,"2025-02-23 15:32:58","2025-02-23 16:41:53",4135,0,"2025-02-23 15:41:00"
Mercury#4,"2025-02-23 15:32:58","2025-02-23 16:41:53",4135,0,"2025-02-23 15:40:56"
Mercury#4,"2025-02-23 15:32:58","2025-02-23 16:41:53",4135,0,"2025-02-23 15:40:35"
Mercury#4,"2025-02-23 15:32:58","2025-02-23 16:41:53",4135,0,"2025-02-23 15:40:20"
Mercury#4,"2025-02-23 15:32:58","2025-02-23 16:41:53",4135,0,"2025-02-23 15:39:56"
Mercury#4,"2025-02-23 15:32:58","2025-02-23 16:41:53",4135,0,"2025-02-23 15:39:50"
Mercury#4,"2025-02-23 15:32:58","2025-02-23 16:41:53",4135,0,"2025-02-23 15:39:29"
Mercury#4,"2025-02-23 15:32:58","2025-02-23 16:41:53",4135,0,"2025-02-23 15:39:14"
Mercury#4,"2025-02-23 15:32:58","2025-02-23 16:41:53",4135,0,"2025-02-23 15:38:50"
Mercury#4,"2025-02-23 15:32:58","2025-02-23 16:41:53",4135,0,"2025-02-23 15:38:44"
Mercury#4,"2025-02-23 15:32:58","2025-02-23 16:41:53",4135,0,"2025-02-23 15:38:26"
Mercury#4,"2025-02-23 15:32:58","2025-02-23 16:41:53",4135,0,"2025-02-23 15:38:11"
Mercury#4,"2025-02-23 15:32:58","2025-02-23 16:41:53",4135,0,"2025-02-23 15:37:45"
Mercury#4,"2025-02-23 15:32:58","2025-02-23 16:41:53",4135,0,"2025-02-23 15:37:41"
Mercury#4,"2025-02-23 15:32:58","2025-02-23 16:41:53",4135,0,"2025-02-23 15:37:20"
Mercury#4,"2025-02-23 15:32:58","2025-02-23 16:41:53",4135,0,"2025-02-23 15:35:59"
Mercury#4,"2025-02-23 15:32:58","2025-02-23 16:41:53",4135,0,"2025-02-23 15:34:59"
Mercury#4,"2025-02-23 15:32:58","2025-02-23 16:41:53",4135,0,"2025-02-23 15:34:50"
Mercury#4,"2025-02-23 15:32:58","2025-02-23 16:41:53",4135,0,"2025-02-23 15:34:38"
Mercury#4,"2025-02-23 15:32:58","2025-02-23 16:41:53",4135,0,"2025-02-23 15:34:29"
Mercury#4,"2025-02-23 15:32:58","2025-02-23 16:41:53",4135,0,"2025-02-23 15:34:20"
Mercury#4,"2025-02-23 15:32:58","2025-02-23 16:41:53",4135,0,"2025-02-23 15:34:08"
Mercury#4,"2025-02-23 15:32:58","2025-02-23 16:41:53",4135,0,"2025-02-23 15:33:59"
Mercury#4,"2025-02-23 15:32:58","2025-02-23 16:41:53",4135,0,"2025-02-23 15:33:50"
Mercury#4,"2025-02-23 15:32:58","2025-02-23 16:41:53",4135,0,"2025-02-23 15:33:38"
Mercury#4,"2025-02-23 15:32:58","2025-02-23 16:41:53",4135,0,"2025-02-23 15:32:59"
Mercury#4,"2025-02-23 16:41:54","2025-02-23 16:42:13",19,149,"2025-02-23 16:41:55"
Mercury#4,"2025-02-23 16:41:54","2025-02-23 16:42:13",19,0,"2025-02-23 16:41:54"
Mercury#4,"2025-02-23 16:59:31","2025-02-23 17:51:41",3130,0,"2025-02-23 17:27:11"
Mercury#4,"2025-02-23 16:59:31","2025-02-23 17:51:41",3130,0,"2025-02-23 17:22:08"
Mercury#4,"2025-02-23 16:59:31","2025-02-23 17:51:41",3130,0,"2025-02-23 17:21:53"
Mercury#4,"2025-02-23 16:59:31","2025-02-23 17:51:41",3130,0,"2025-02-23 17:21:38"
Mercury#4,"2025-02-23 16:59:31","2025-02-23 17:51:41",3130,0,"2025-02-23 17:21:23"
Mercury#4,"2025-02-23 16:59:31","2025-02-23 17:51:41",3130,0,"2025-02-23 17:21:08"
Mercury#4,"2025-02-23 16:59:31","2025-02-23 17:51:41",3130,0,"2025-02-23 17:20:44"
Mercury#4,"2025-02-23 16:59:31","2025-02-23 17:51:41",3130,0,"2025-02-23 17:20:38"
Mercury#4,"2025-02-23 16:59:31","2025-02-23 17:51:41",3130,0,"2025-02-23 17:20:17"
Mercury#4,"2025-02-23 16:59:31","2025-02-23 17:51:41",3130,0,"2025-02-23 17:20:02"
Mercury#4,"2025-02-23 16:59:31","2025-02-23 17:51:41",3130,0,"2025-02-23 17:19:38"
Mercury#4,"2025-02-23 16:59:31","2025-02-23 17:51:41",3130,0,"2025-02-23 17:19:32"
Mercury#4,"2025-02-23 16:59:31","2025-02-23 17:51:41",3130,0,"2025-02-23 17:19:14"
Mercury#4,"2025-02-23 16:59:31","2025-02-23 17:51:41",3130,0,"2025-02-23 17:18:59"
Mercury#4,"2025-02-23 16:59:31","2025-02-23 17:51:41",3130,0,"2025-02-23 17:18:32"
Mercury#4,"2025-02-23 16:59:31","2025-02-23 17:51:41",3130,0,"2025-02-23 17:18:29"
Mercury#4,"2025-02-23 16:59:31","2025-02-23 17:51:41",3130,0,"2025-02-23 17:18:08"
Mercury#4,"2025-02-23 16:59:31","2025-02-23 17:51:41",3130,0,"2025-02-23 17:17:44"
Mercury#4,"2025-02-23 16:59:31","2025-02-23 17:51:41",3130,0,"2025-02-23 17:17:38"
Mercury#4,"2025-02-23 16:59:31","2025-02-23 17:51:41",3130,0,"2025-02-23 17:17:23"
Mercury#4,"2025-02-23 16:59:31","2025-02-23 17:51:41",3130,0,"2025-02-23 17:17:14"
Mercury#4,"2025-02-23 16:59:31","2025-02-23 17:51:41",3130,0,"2025-02-23 17:12:44"
Mercury#4,"2025-02-23 16:59:31","2025-02-23 17:51:41",3130,0,"2025-02-23 17:11:02"
Mercury#4,"2025-02-23 16:59:31","2025-02-23 17:51:41",3130,0,"2025-02-23 17:10:47"
Mercury#4,"2025-02-23 16:59:31","2025-02-23 17:51:41",3130,0,"2025-02-23 17:10:32"
Mercury#4,"2025-02-23 16:59:31","2025-02-23 17:51:41",3130,0,"2025-02-23 17:07:32"
Mercury#4,"2025-02-23 16:59:31","2025-02-23 17:51:41",3130,0,"2025-02-23 17:07:29"
Mercury#4,"2025-02-23 16:59:31","2025-02-23 17:51:41",3130,0,"2025-02-23 17:07:08"
Mercury#4,"2025-02-23 16:59:31","2025-02-23 17:51:41",3130,0,"2025-02-23 17:06:53"
Mercury#4,"2025-02-23 16:59:31","2025-02-23 17:51:41",3130,0,"2025-02-23 17:06:29"
Mercury#4,"2025-02-23 16:59:31","2025-02-23 17:51:41",3130,0,"2025-02-23 17:06:23"
Mercury#4,"2025-02-23 16:59:31","2025-02-23 17:51:41",3130,0,"2025-02-23 17:06:02"
Mercury#4,"2025-02-23 16:59:31","2025-02-23 17:51:41",3130,0,"2025-02-23 17:05:47"
Mercury#4,"2025-02-23 16:59:31","2025-02-23 17:51:41",3130,0,"2025-02-23 17:05:23"
Mercury#4,"2025-02-23 16:59:31","2025-02-23 17:51:41",3130,0,"2025-02-23 17:05:17"
Mercury#4,"2025-02-23 16:59:31","2025-02-23 17:51:41",3130,0,"2025-02-23 17:04:59"
Mercury#4,"2025-02-23 16:59:31","2025-02-23 17:51:41",3130,0,"2025-02-23 17:04:44"
Mercury#4,"2025-02-23 16:59:31","2025-02-23 17:51:41",3130,0,"2025-02-23 17:04:17"
Mercury#4,"2025-02-23 16:59:31","2025-02-23 17:51:41",3130,0,"2025-02-23 17:04:14"
Mercury#4,"2025-02-23 16:59:31","2025-02-23 17:51:41",3130,0,"2025-02-23 17:03:53"
Mercury#4,"2025-02-23 16:59:31","2025-02-23 17:51:41",3130,0,"2025-02-23 17:02:32"
Mercury#4,"2025-02-23 16:59:31","2025-02-23 17:51:41",3130,0,"2025-02-23 17:01:32"
Mercury#4,"2025-02-23 16:59:31","2025-02-23 17:51:41",3130,0,"2025-02-23 17:01:23"
Mercury#4,"2025-02-23 16:59:31","2025-02-23 17:51:41",3130,0,"2025-02-23 17:01:14"
Mercury#4,"2025-02-23 16:59:31","2025-02-23 17:51:41",3130,0,"2025-02-23 17:01:02"
Mercury#4,"2025-02-23 16:59:31","2025-02-23 17:51:41",3130,0,"2025-02-23 17:00:53"
Mercury#4,"2025-02-23 16:59:31","2025-02-23 17:51:41",3130,0,"2025-02-23 17:00:44"
Mercury#4,"2025-02-23 16:59:31","2025-02-23 17:51:41",3130,0,"2025-02-23 17:00:32"
Mercury#4,"2025-02-23 16:59:31","2025-02-23 17:51:41",3130,0,"2025-02-23 17:00:23"
Mercury#4,"2025-02-23 16:59:31","2025-02-23 17:51:41",3130,0,"2025-02-23 17:00:14"
Mercury#4,"2025-02-23 16:59:31","2025-02-23 17:51:41",3130,0,"2025-02-23 16:59:32"
Mercury#4,"2025-02-23 17:51:41","2025-02-23 17:52:00",19,150,"2025-02-23 17:51:42"
Mercury#4,"2025-02-23 17:51:41","2025-02-23 17:52:00",19,0,"2025-02-23 17:51:41"
Mercury#4,"2025-02-23 18:15:06","2025-02-23 19:07:18",3132,0,"2025-02-23 18:42:49"
Mercury#4,"2025-02-23 18:15:06","2025-02-23 19:07:18",3132,0,"2025-02-23 18:37:46"
Mercury#4,"2025-02-23 18:15:06","2025-02-23 19:07:18",3132,0,"2025-02-23 18:37:31"
Mercury#4,"2025-02-23 18:15:06","2025-02-23 19:07:18",3132,0,"2025-02-23 18:37:16"
Mercury#4,"2025-02-23 18:15:06","2025-02-23 19:07:18",3132,0,"2025-02-23 18:37:01"
Mercury#4,"2025-02-23 18:15:06","2025-02-23 19:07:18",3132,0,"2025-02-23 18:36:46"
Mercury#4,"2025-02-23 18:15:06","2025-02-23 19:07:18",3132,0,"2025-02-23 18:36:22"
Mercury#4,"2025-02-23 18:15:06","2025-02-23 19:07:18",3132,0,"2025-02-23 18:36:16"
Mercury#4,"2025-02-23 18:15:06","2025-02-23 19:07:18",3132,0,"2025-02-23 18:35:58"
Mercury#4,"2025-02-23 18:15:06","2025-02-23 19:07:18",3132,0,"2025-02-23 18:35:43"
Mercury#4,"2025-02-23 18:15:06","2025-02-23 19:07:18",3132,0,"2025-02-23 18:35:17"
Mercury#4,"2025-02-23 18:15:06","2025-02-23 19:07:18",3132,0,"2025-02-23 18:35:13"
Mercury#4,"2025-02-23 18:15:06","2025-02-23 19:07:18",3132,0,"2025-02-23 18:34:52"
Mercury#4,"2025-02-23 18:15:06","2025-02-23 19:07:18",3132,0,"2025-02-23 18:34:37"
Mercury#4,"2025-02-23 18:15:06","2025-02-23 19:07:18",3132,0,"2025-02-23 18:34:13"
Mercury#4,"2025-02-23 18:15:06","2025-02-23 19:07:18",3132,0,"2025-02-23 18:34:07"
Mercury#4,"2025-02-23 18:15:06","2025-02-23 19:07:18",3132,0,"2025-02-23 18:33:46"
Mercury#4,"2025-02-23 18:15:06","2025-02-23 19:07:18",3132,0,"2025-02-23 18:33:22"
Mercury#4,"2025-02-23 18:15:06","2025-02-23 19:07:18",3132,0,"2025-02-23 18:33:16"
Mercury#4,"2025-02-23 18:15:06","2025-02-23 19:07:18",3132,0,"2025-02-23 18:33:01"
Mercury#4,"2025-02-23 18:15:06","2025-02-23 19:07:18",3132,0,"2025-02-23 18:32:52"
Mercury#4,"2025-02-23 18:15:06","2025-02-23 19:07:18",3132,0,"2025-02-23 18:28:16"
Mercury#4,"2025-02-23 18:15:06","2025-02-23 19:07:18",3132,0,"2025-02-23 18:26:37"
Mercury#4,"2025-02-23 18:15:06","2025-02-23 19:07:18",3132,0,"2025-02-23 18:26:22"
Mercury#4,"2025-02-23 18:15:06","2025-02-23 19:07:18",3132,0,"2025-02-23 18:26:07"
Mercury#4,"2025-02-23 18:15:06","2025-02-23 19:07:18",3132,0,"2025-02-23 18:23:07"
Mercury#4,"2025-02-23 18:15:06","2025-02-23 19:07:18",3132,0,"2025-02-23 18:23:01"
Mercury#4,"2025-02-23 18:15:06","2025-02-23 19:07:18",3132,0,"2025-02-23 18:22:43"
Mercury#4,"2025-02-23 18:15:06","2025-02-23 19:07:18",3132,0,"2025-02-23 18:22:28"
Mercury#4,"2025-02-23 18:15:06","2025-02-23 19:07:18",3132,0,"2025-02-23 18:22:02"
Mercury#4,"2025-02-23 18:15:06","2025-02-23 19:07:18",3132,0,"2025-02-23 18:21:58"
Mercury#4,"2025-02-23 18:15:06","2025-02-23 19:07:18",3132,0,"2025-02-23 18:21:37"
Mercury#4,"2025-02-23 18:15:06","2025-02-23 19:07:18",3132,0,"2025-02-23 18:21:22"
Mercury#4,"2025-02-23 18:15:06","2025-02-23 19:07:18",3132,0,"2025-02-23 18:20:58"
Mercury#4,"2025-02-23 18:15:06","2025-02-23 19:07:18",3132,0,"2025-02-23 18:20:52"
Mercury#4,"2025-02-23 18:15:06","2025-02-23 19:07:18",3132,0,"2025-02-23 18:20:31"
Mercury#4,"2025-02-23 18:15:06","2025-02-23 19:07:18",3132,0,"2025-02-23 18:20:16"
Mercury#4,"2025-02-23 18:15:06","2025-02-23 19:07:18",3132,0,"2025-02-23 18:19:52"
Mercury#4,"2025-02-23 18:15:06","2025-02-23 19:07:18",3132,0,"2025-02-23 18:19:46"
Mercury#4,"2025-02-23 18:15:06","2025-02-23 19:07:18",3132,0,"2025-02-23 18:19:28"
Mercury#4,"2025-02-23 18:15:06","2025-02-23 19:07:18",3132,0,"2025-02-23 18:18:07"
Mercury#4,"2025-02-23 18:15:06","2025-02-23 19:07:18",3132,0,"2025-02-23 18:17:07"
Mercury#4,"2025-02-23 18:15:06","2025-02-23 19:07:18",3132,0,"2025-02-23 18:16:58"
Mercury#4,"2025-02-23 18:15:06","2025-02-23 19:07:18",3132,0,"2025-02-23 18:16:46"
Mercury#4,"2025-02-23 18:15:06","2025-02-23 19:07:18",3132,0,"2025-02-23 18:16:37"
Mercury#4,"2025-02-23 18:15:06","2025-02-23 19:07:18",3132,0,"2025-02-23 18:16:28"
Mercury#4,"2025-02-23 18:15:06","2025-02-23 19:07:18",3132,0,"2025-02-23 18:16:16"
Mercury#4,"2025-02-23 18:15:06","2025-02-23 19:07:18",3132,0,"2025-02-23 18:16:07"
Mercury#4,"2025-02-23 18:15:06","2025-02-23 19:07:18",3132,0,"2025-02-23 18:15:58"
Mercury#4,"2025-02-23 18:15:06","2025-02-23 19:07:18",3132,0,"2025-02-23 18:15:46"
Mercury#4,"2025-02-23 18:15:06","2025-02-23 19:07:18",3132,0,"2025-02-23 18:15:07"
Mercury#4,"2025-02-23 19:07:19","2025-02-23 19:07:38",19,150,"2025-02-23 19:07:20"
Mercury#4,"2025-02-23 19:07:19","2025-02-23 19:07:38",19,0,"2025-02-23 19:07:19"
Mercury#4,"2025-02-23 19:21:54","2025-02-23 20:14:03",3129,0,"2025-02-23 19:49:34"
Mercury#4,"2025-02-23 19:21:54","2025-02-23 20:14:03",3129,0,"2025-02-23 19:44:31"
Mercury#4,"2025-02-23 19:21:54","2025-02-23 20:14:03",3129,0,"2025-02-23 19:44:16"
Mercury#4,"2025-02-23 19:21:54","2025-02-23 20:14:03",3129,0,"2025-02-23 19:44:01"
Mercury#4,"2025-02-23 19:21:54","2025-02-23 20:14:03",3129,0,"2025-02-23 19:43:46"
Mercury#4,"2025-02-23 19:21:54","2025-02-23 20:14:03",3129,0,"2025-02-23 19:43:31"
Mercury#4,"2025-02-23 19:21:54","2025-02-23 20:14:03",3129,0,"2025-02-23 19:43:07"
Mercury#4,"2025-02-23 19:21:54","2025-02-23 20:14:03",3129,0,"2025-02-23 19:43:01"
Mercury#4,"2025-02-23 19:21:54","2025-02-23 20:14:03",3129,0,"2025-02-23 19:42:40"
Mercury#4,"2025-02-23 19:21:54","2025-02-23 20:14:03",3129,0,"2025-02-23 19:42:25"
Mercury#4,"2025-02-23 19:21:54","2025-02-23 20:14:03",3129,0,"2025-02-23 19:42:01"
Mercury#4,"2025-02-23 19:21:54","2025-02-23 20:14:03",3129,0,"2025-02-23 19:41:55"
Mercury#4,"2025-02-23 19:21:54","2025-02-23 20:14:03",3129,0,"2025-02-23 19:41:37"
Mercury#4,"2025-02-23 19:21:54","2025-02-23 20:14:03",3129,0,"2025-02-23 19:41:22"
Mercury#4,"2025-02-23 19:21:54","2025-02-23 20:14:03",3129,0,"2025-02-23 19:40:55"
Mercury#4,"2025-02-23 19:21:54","2025-02-23 20:14:03",3129,0,"2025-02-23 19:40:52"
Mercury#4,"2025-02-23 19:21:54","2025-02-23 20:14:03",3129,0,"2025-02-23 19:40:31"
Mercury#4,"2025-02-23 19:21:54","2025-02-23 20:14:03",3129,0,"2025-02-23 19:40:07"
Mercury#4,"2025-02-23 19:21:54","2025-02-23 20:14:03",3129,0,"2025-02-23 19:40:01"
Mercury#4,"2025-02-23 19:21:54","2025-02-23 20:14:03",3129,0,"2025-02-23 19:39:46"
Mercury#4,"2025-02-23 19:21:54","2025-02-23 20:14:03",3129,0,"2025-02-23 19:39:37"
Mercury#4,"2025-02-23 19:21:54","2025-02-23 20:14:03",3129,0,"2025-02-23 19:35:07"
Mercury#4,"2025-02-23 19:21:54","2025-02-23 20:14:03",3129,0,"2025-02-23 19:33:25"
Mercury#4,"2025-02-23 19:21:54","2025-02-23 20:14:03",3129,0,"2025-02-23 19:33:10"
Mercury#4,"2025-02-23 19:21:54","2025-02-23 20:14:03",3129,0,"2025-02-23 19:32:55"
Mercury#4,"2025-02-23 19:21:54","2025-02-23 20:14:03",3129,0,"2025-02-23 19:29:55"
Mercury#4,"2025-02-23 19:21:54","2025-02-23 20:14:03",3129,0,"2025-02-23 19:29:52"
Mercury#4,"2025-02-23 19:21:54","2025-02-23 20:14:03",3129,0,"2025-02-23 19:29:31"
Mercury#4,"2025-02-23 19:21:54","2025-02-23 20:14:03",3129,0,"2025-02-23 19:29:16"
Mercury#4,"2025-02-23 19:21:54","2025-02-23 20:14:03",3129,0,"2025-02-23 19:28:52"
Mercury#4,"2025-02-23 19:21:54","2025-02-23 20:14:03",3129,0,"2025-02-23 19:28:46"
Mercury#4,"2025-02-23 19:21:54","2025-02-23 20:14:03",3129,0,"2025-02-23 19:28:25"
Mercury#4,"2025-02-23 19:21:54","2025-02-23 20:14:03",3129,0,"2025-02-23 19:28:10"
Mercury#4,"2025-02-23 19:21:54","2025-02-23 20:14:03",3129,0,"2025-02-23 19:27:46"
Mercury#4,"2025-02-23 19:21:54","2025-02-23 20:14:03",3129,0,"2025-02-23 19:27:40"
Mercury#4,"2025-02-23 19:21:54","2025-02-23 20:14:03",3129,0,"2025-02-23 19:27:22"
Mercury#4,"2025-02-23 19:21:54","2025-02-23 20:14:03",3129,0,"2025-02-23 19:27:07"
Mercury#4,"2025-02-23 19:21:54","2025-02-23 20:14:03",3129,0,"2025-02-23 19:26:40"
Mercury#4,"2025-02-23 19:21:54","2025-02-23 20:14:03",3129,0,"2025-02-23 19:26:37"
Mercury#4,"2025-02-23 19:21:54","2025-02-23 20:14:03",3129,0,"2025-02-23 19:26:16"
Mercury#4,"2025-02-23 19:21:54","2025-02-23 20:14:03",3129,0,"2025-02-23 19:24:55"
Mercury#4,"2025-02-23 19:21:54","2025-02-23 20:14:03",3129,0,"2025-02-23 19:23:55"
Mercury#4,"2025-02-23 19:21:54","2025-02-23 20:14:03",3129,0,"2025-02-23 19:23:46"
Mercury#4,"2025-02-23 19:21:54","2025-02-23 20:14:03",3129,0,"2025-02-23 19:23:37"
Mercury#4,"2025-02-23 19:21:54","2025-02-23 20:14:03",3129,0,"2025-02-23 19:23:25"
Mercury#4,"2025-02-23 19:21:54","2025-02-23 20:14:03",3129,0,"2025-02-23 19:23:20"
Mercury#4,"2025-02-23 19:21:54","2025-02-23 20:14:03",3129,0,"2025-02-23 19:23:16"
Mercury#4,"2025-02-23 19:21:54","2025-02-23 20:14:03",3129,0,"2025-02-23 19:22:56"
Mercury#4,"2025-02-23 19:21:54","2025-02-23 20:14:03",3129,0,"2025-02-23 19:22:46"
Mercury#4,"2025-02-23 19:21:54","2025-02-23 20:14:03",3129,0,"2025-02-23 19:22:37"
Mercury#4,"2025-02-23 19:21:54","2025-02-23 20:14:03",3129,0,"2025-02-23 19:21:54"
Mercury#4,"2025-02-23 20:14:03","2025-02-23 20:14:22",19,100,"2025-02-23 20:14:04"
Mercury#4,"2025-02-23 20:14:03","2025-02-23 20:14:22",19,0,"2025-02-23 20:14:03"
Mercury#4,"2025-02-23 20:20:19","2025-02-23 21:36:34",4575,0,"2025-02-23 20:42:03"
Mercury#4,"2025-02-23 20:20:19","2025-02-23 21:36:34",4575,0,"2025-02-23 20:36:59"
Mercury#4,"2025-02-23 20:20:19","2025-02-23 21:36:34",4575,0,"2025-02-23 20:31:57"
Mercury#4,"2025-02-23 20:20:19","2025-02-23 21:36:34",4575,0,"2025-02-23 20:31:50"
Mercury#4,"2025-02-23 20:20:19","2025-02-23 21:36:34",4575,0,"2025-02-23 20:31:36"
Mercury#4,"2025-02-23 20:20:19","2025-02-23 21:36:34",4575,0,"2025-02-23 20:31:21"
Mercury#4,"2025-02-23 20:20:19","2025-02-23 21:36:34",4575,0,"2025-02-23 20:28:21"
Mercury#4,"2025-02-23 20:20:19","2025-02-23 21:36:34",4575,0,"2025-02-23 20:28:15"
Mercury#4,"2025-02-23 20:20:19","2025-02-23 21:36:34",4575,0,"2025-02-23 20:27:57"
Mercury#4,"2025-02-23 20:20:19","2025-02-23 21:36:34",4575,0,"2025-02-23 20:27:42"
Mercury#4,"2025-02-23 20:20:19","2025-02-23 21:36:34",4575,0,"2025-02-23 20:27:15"
Mercury#4,"2025-02-23 20:20:19","2025-02-23 21:36:34",4575,0,"2025-02-23 20:27:12"
Mercury#4,"2025-02-23 20:20:19","2025-02-23 21:36:34",4575,0,"2025-02-23 20:26:51"
Mercury#4,"2025-02-23 20:20:19","2025-02-23 21:36:34",4575,0,"2025-02-23 20:26:36"
Mercury#4,"2025-02-23 20:20:19","2025-02-23 21:36:34",4575,0,"2025-02-23 20:26:12"
Mercury#4,"2025-02-23 20:20:19","2025-02-23 21:36:34",4575,0,"2025-02-23 20:26:06"
Mercury#4,"2025-02-23 20:20:19","2025-02-23 21:36:34",4575,0,"2025-02-23 20:25:45"
Mercury#4,"2025-02-23 20:20:19","2025-02-23 21:36:34",4575,0,"2025-02-23 20:25:30"
Mercury#4,"2025-02-23 20:20:19","2025-02-23 21:36:34",4575,0,"2025-02-23 20:25:06"
Mercury#4,"2025-02-23 20:20:19","2025-02-23 21:36:34",4575,0,"2025-02-23 20:25:00"
Mercury#4,"2025-02-23 20:20:19","2025-02-23 21:36:34",4575,0,"2025-02-23 20:24:42"
Mercury#4,"2025-02-23 20:20:19","2025-02-23 21:36:34",4575,0,"2025-02-23 20:23:21"
Mercury#4,"2025-02-23 20:20:19","2025-02-23 21:36:34",4575,0,"2025-02-23 20:22:21"
Mercury#4,"2025-02-23 20:20:19","2025-02-23 21:36:34",4575,0,"2025-02-23 20:22:12"
Mercury#4,"2025-02-23 20:20:19","2025-02-23 21:36:34",4575,0,"2025-02-23 20:22:00"
Mercury#4,"2025-02-23 20:20:19","2025-02-23 21:36:34",4575,0,"2025-02-23 20:21:51"
Mercury#4,"2025-02-23 20:20:19","2025-02-23 21:36:34",4575,0,"2025-02-23 20:21:42"
Mercury#4,"2025-02-23 20:20:19","2025-02-23 21:36:34",4575,0,"2025-02-23 20:21:30"
Mercury#4,"2025-02-23 20:20:19","2025-02-23 21:36:34",4575,0,"2025-02-23 20:21:21"
Mercury#4,"2025-02-23 20:20:19","2025-02-23 21:36:34",4575,0,"2025-02-23 20:21:12"
Mercury#4,"2025-02-23 20:20:19","2025-02-23 21:36:34",4575,0,"2025-02-23 20:21:00"
Mercury#4,"2025-02-23 20:20:19","2025-02-23 21:36:34",4575,0,"2025-02-23 20:20:20"
Mercury#4,"2025-02-23 21:36:34","2025-02-23 21:36:53",19,100,"2025-02-23 21:36:35"
Mercury#4,"2025-02-23 21:36:34","2025-02-23 21:36:53",19,0,"2025-02-23 21:36:34"
Mercury#4,"2025-02-23 21:51:23","2025-02-23 23:00:59",4176,0,"2025-02-23 22:20:32"
Mercury#4,"2025-02-23 21:51:23","2025-02-23 23:00:59",4176,0,"2025-02-23 22:10:38"
Mercury#4,"2025-02-23 21:51:23","2025-02-23 23:00:59",4176,0,"2025-02-23 22:05:35"
Mercury#4,"2025-02-23 21:51:23","2025-02-23 23:00:59",4176,0,"2025-02-23 22:02:59"
Mercury#4,"2025-02-23 21:51:23","2025-02-23 23:00:59",4176,0,"2025-02-23 22:02:53"
Mercury#4,"2025-02-23 21:51:23","2025-02-23 23:00:59",4176,0,"2025-02-23 22:02:38"
Mercury#4,"2025-02-23 21:51:23","2025-02-23 23:00:59",4176,0,"2025-02-23 22:02:23"
Mercury#4,"2025-02-23 21:51:23","2025-02-23 23:00:59",4176,0,"2025-02-23 21:59:24"
Mercury#4,"2025-02-23 21:51:23","2025-02-23 23:00:59",4176,0,"2025-02-23 21:59:20"
Mercury#4,"2025-02-23 21:51:23","2025-02-23 23:00:59",4176,0,"2025-02-23 21:58:59"
Mercury#4,"2025-02-23 21:51:23","2025-02-23 23:00:59",4176,0,"2025-02-23 21:58:44"
Mercury#4,"2025-02-23 21:51:23","2025-02-23 23:00:59",4176,0,"2025-02-23 21:58:20"
Mercury#4,"2025-02-23 21:51:23","2025-02-23 23:00:59",4176,0,"2025-02-23 21:58:14"
Mercury#4,"2025-02-23 21:51:23","2025-02-23 23:00:59",4176,0,"2025-02-23 21:57:53"
Mercury#4,"2025-02-23 21:51:23","2025-02-23 23:00:59",4176,0,"2025-02-23 21:57:38"
Mercury#4,"2025-02-23 21:51:23","2025-02-23 23:00:59",4176,0,"2025-02-23 21:57:14"
Mercury#4,"2025-02-23 21:51:23","2025-02-23 23:00:59",4176,0,"2025-02-23 21:57:08"
Mercury#4,"2025-02-23 21:51:23","2025-02-23 23:00:59",4176,0,"2025-02-23 21:56:50"
Mercury#4,"2025-02-23 21:51:23","2025-02-23 23:00:59",4176,0,"2025-02-23 21:56:35"
Mercury#4,"2025-02-23 21:51:23","2025-02-23 23:00:59",4176,0,"2025-02-23 21:56:09"
Mercury#4,"2025-02-23 21:51:23","2025-02-23 23:00:59",4176,0,"2025-02-23 21:56:05"
Mercury#4,"2025-02-23 21:51:23","2025-02-23 23:00:59",4176,0,"2025-02-23 21:55:44"
Mercury#4,"2025-02-23 21:51:23","2025-02-23 23:00:59",4176,0,"2025-02-23 21:54:23"
Mercury#4,"2025-02-23 21:51:23","2025-02-23 23:00:59",4176,0,"2025-02-23 21:53:23"
Mercury#4,"2025-02-23 21:51:23","2025-02-23 23:00:59",4176,0,"2025-02-23 21:53:14"
Mercury#4,"2025-02-23 21:51:23","2025-02-23 23:00:59",4176,0,"2025-02-23 21:53:05"
Mercury#4,"2025-02-23 21:51:23","2025-02-23 23:00:59",4176,0,"2025-02-23 21:52:53"
Mercury#4,"2025-02-23 21:51:23","2025-02-23 23:00:59",4176,0,"2025-02-23 21:52:44"
Mercury#4,"2025-02-23 21:51:23","2025-02-23 23:00:59",4176,0,"2025-02-23 21:52:35"
Mercury#4,"2025-02-23 21:51:23","2025-02-23 23:00:59",4176,0,"2025-02-23 21:52:23"
Mercury#4,"2025-02-23 21:51:23","2025-02-23 23:00:59",4176,0,"2025-02-23 21:52:14"
Mercury#4,"2025-02-23 21:51:23","2025-02-23 23:00:59",4176,0,"2025-02-23 21:52:05"
Mercury#4,"2025-02-23 21:51:23","2025-02-23 23:00:59",4176,0,"2025-02-23 21:51:23"
Mercury#4,"2025-02-23 23:00:59","2025-02-23 23:01:18",19,150,"2025-02-23 23:01:00"
Mercury#4,"2025-02-23 23:00:59","2025-02-23 23:01:18",19,0,"2025-02-23 23:00:59"
Mercury#4,"2025-02-23 23:06:22","2025-02-23 23:57:17",3055,0,"2025-02-23 23:36:05"
Mercury#4,"2025-02-23 23:06:22","2025-02-23 23:57:17",3055,0,"2025-02-23 23:31:01"
Mercury#4,"2025-02-23 23:06:22","2025-02-23 23:57:17",3055,0,"2025-02-23 23:30:55"
Mercury#4,"2025-02-23 23:06:22","2025-02-23 23:57:17",3055,0,"2025-02-23 23:30:37"
Mercury#4,"2025-02-23 23:06:22","2025-02-23 23:57:17",3055,0,"2025-02-23 23:30:25"
Mercury#4,"2025-02-23 23:06:22","2025-02-23 23:57:17",3055,0,"2025-02-23 23:30:07"
Mercury#4,"2025-02-23 23:06:22","2025-02-23 23:57:17",3055,0,"2025-02-23 23:27:26"
Mercury#4,"2025-02-23 23:06:22","2025-02-23 23:57:17",3055,0,"2025-02-23 23:27:10"
Mercury#4,"2025-02-23 23:06:22","2025-02-23 23:57:17",3055,0,"2025-02-23 23:26:55"
Mercury#4,"2025-02-23 23:06:22","2025-02-23 23:57:17",3055,0,"2025-02-23 23:26:40"
Mercury#4,"2025-02-23 23:06:22","2025-02-23 23:57:17",3055,0,"2025-02-23 23:26:25"
Mercury#4,"2025-02-23 23:06:22","2025-02-23 23:57:17",3055,0,"2025-02-23 23:26:01"
Mercury#4,"2025-02-23 23:06:22","2025-02-23 23:57:17",3055,0,"2025-02-23 23:25:56"
Mercury#4,"2025-02-23 23:06:22","2025-02-23 23:57:17",3055,0,"2025-02-23 23:25:37"
Mercury#4,"2025-02-23 23:06:22","2025-02-23 23:57:17",3055,0,"2025-02-23 23:25:22"
Mercury#4,"2025-02-23 23:06:22","2025-02-23 23:57:17",3055,0,"2025-02-23 23:24:56"
Mercury#4,"2025-02-23 23:06:22","2025-02-23 23:57:17",3055,0,"2025-02-23 23:24:52"
Mercury#4,"2025-02-23 23:06:22","2025-02-23 23:57:17",3055,0,"2025-02-23 23:24:31"
Mercury#4,"2025-02-23 23:06:22","2025-02-23 23:57:17",3055,0,"2025-02-23 23:24:16"
Mercury#4,"2025-02-23 23:06:22","2025-02-23 23:57:17",3055,0,"2025-02-23 23:23:53"
Mercury#4,"2025-02-23 23:06:22","2025-02-23 23:57:17",3055,0,"2025-02-23 23:23:46"
Mercury#4,"2025-02-23 23:06:22","2025-02-23 23:57:17",3055,0,"2025-02-23 23:23:25"
Mercury#4,"2025-02-23 23:06:22","2025-02-23 23:57:17",3055,0,"2025-02-23 23:23:02"
Mercury#4,"2025-02-23 23:06:22","2025-02-23 23:57:17",3055,0,"2025-02-23 23:22:55"
Mercury#4,"2025-02-23 23:06:22","2025-02-23 23:57:17",3055,0,"2025-02-23 23:22:41"
Mercury#4,"2025-02-23 23:06:22","2025-02-23 23:57:17",3055,0,"2025-02-23 23:22:32"
Mercury#4,"2025-02-23 23:06:22","2025-02-23 23:57:17",3055,0,"2025-02-23 23:19:35"
Mercury#4,"2025-02-23 23:06:22","2025-02-23 23:57:17",3055,0,"2025-02-23 23:17:53"
Mercury#4,"2025-02-23 23:06:22","2025-02-23 23:57:17",3055,0,"2025-02-23 23:17:38"
Mercury#4,"2025-02-23 23:06:22","2025-02-23 23:57:17",3055,0,"2025-02-23 23:17:23"
Mercury#4,"2025-02-23 23:06:22","2025-02-23 23:57:17",3055,0,"2025-02-23 23:14:23"
Mercury#4,"2025-02-23 23:06:22","2025-02-23 23:57:17",3055,0,"2025-02-23 23:14:20"
Mercury#4,"2025-02-23 23:06:22","2025-02-23 23:57:17",3055,0,"2025-02-23 23:13:59"
Mercury#4,"2025-02-23 23:06:22","2025-02-23 23:57:17",3055,0,"2025-02-23 23:13:44"
Mercury#4,"2025-02-23 23:06:22","2025-02-23 23:57:17",3055,0,"2025-02-23 23:13:20"
Mercury#4,"2025-02-23 23:06:22","2025-02-23 23:57:17",3055,0,"2025-02-23 23:13:14"
Mercury#4,"2025-02-23 23:06:22","2025-02-23 23:57:17",3055,0,"2025-02-23 23:12:53"
Mercury#4,"2025-02-23 23:06:22","2025-02-23 23:57:17",3055,0,"2025-02-23 23:12:38"
Mercury#4,"2025-02-23 23:06:22","2025-02-23 23:57:17",3055,0,"2025-02-23 23:12:14"
Mercury#4,"2025-02-23 23:06:22","2025-02-23 23:57:17",3055,0,"2025-02-23 23:12:08"
Mercury#4,"2025-02-23 23:06:22","2025-02-23 23:57:17",3055,0,"2025-02-23 23:11:50"
Mercury#4,"2025-02-23 23:06:22","2025-02-23 23:57:17",3055,0,"2025-02-23 23:11:35"
Mercury#4,"2025-02-23 23:06:22","2025-02-23 23:57:17",3055,0,"2025-02-23 23:11:08"
Mercury#4,"2025-02-23 23:06:22","2025-02-23 23:57:17",3055,0,"2025-02-23 23:11:05"
Mercury#4,"2025-02-23 23:06:22","2025-02-23 23:57:17",3055,0,"2025-02-23 23:10:44"
Mercury#4,"2025-02-23 23:06:22","2025-02-23 23:57:17",3055,0,"2025-02-23 23:09:23"
Mercury#4,"2025-02-23 23:06:22","2025-02-23 23:57:17",3055,0,"2025-02-23 23:08:23"
Mercury#4,"2025-02-23 23:06:22","2025-02-23 23:57:17",3055,0,"2025-02-23 23:08:14"
Mercury#4,"2025-02-23 23:06:22","2025-02-23 23:57:17",3055,0,"2025-02-23 23:08:05"
Mercury#4,"2025-02-23 23:06:22","2025-02-23 23:57:17",3055,0,"2025-02-23 23:07:53"
Mercury#4,"2025-02-23 23:06:22","2025-02-23 23:57:17",3055,0,"2025-02-23 23:07:44"
Mercury#4,"2025-02-23 23:06:22","2025-02-23 23:57:17",3055,0,"2025-02-23 23:07:35"
Mercury#4,"2025-02-23 23:06:22","2025-02-23 23:57:17",3055,0,"2025-02-23 23:07:23"
Mercury#4,"2025-02-23 23:06:22","2025-02-23 23:57:17",3055,0,"2025-02-23 23:07:14"
Mercury#4,"2025-02-23 23:06:22","2025-02-23 23:57:17",3055,0,"2025-02-23 23:07:05"
Mercury#4,"2025-02-23 23:06:22","2025-02-23 23:57:17",3055,0,"2025-02-23 23:06:22"
Mercury#4,"2025-02-23 23:57:18","2025-02-23 23:57:37",19,149,"2025-02-23 23:57:19"
Mercury#4,"2025-02-23 23:57:18","2025-02-23 23:57:37",19,0,"2025-02-23 23:57:18"
Mercury#4,"2025-02-23 00:00:01","2025-02-23 00:00:03",2,NULL,NULL
Mercury#4,"2025-02-23 00:50:39","2025-02-23 00:50:40",1,NULL,NULL
Mercury#4,"2025-02-23 00:50:59","2025-02-23 00:51:53",54,NULL,NULL
Mercury#4,"2025-02-23 00:51:53","2025-02-23 00:52:17",24,NULL,NULL
Mercury#4,"2025-02-23 00:52:17","2025-02-23 00:55:07",170,NULL,NULL
Mercury#4,"2025-02-23 00:55:07","2025-02-23 00:55:38",31,NULL,NULL
Mercury#4,"2025-02-23 00:55:38","2025-02-23 00:56:00",22,NULL,NULL
Mercury#4,"2025-02-23 00:56:00","2025-02-23 00:56:09",9,NULL,NULL
Mercury#4,"2025-02-23 00:56:09","2025-02-23 00:56:17",8,NULL,NULL
Mercury#4,"2025-02-23 00:56:17","2025-02-23 00:56:19",2,NULL,NULL
Mercury#4,"2025-02-23 01:45:39","2025-02-23 01:45:40",1,NULL,NULL
Mercury#4,"2025-02-23 01:45:59","2025-02-23 01:54:50",531,NULL,NULL
Mercury#4,"2025-02-23 01:54:50","2025-02-23 01:55:17",27,NULL,NULL
Mercury#4,"2025-02-23 01:55:17","2025-02-23 01:55:48",31,NULL,NULL
Mercury#4,"2025-02-23 01:55:48","2025-02-23 01:55:57",9,NULL,NULL
Mercury#4,"2025-02-23 01:55:57","2025-02-23 01:56:04",7,NULL,NULL
Mercury#4,"2025-02-23 01:56:04","2025-02-23 01:56:06",2,NULL,NULL
Mercury#4,"2025-02-23 02:56:28","2025-02-23 02:56:29",1,NULL,NULL
Mercury#4,"2025-02-23 02:56:47","2025-02-23 03:03:07",380,NULL,NULL
Mercury#4,"2025-02-23 03:03:07","2025-02-23 03:03:32",25,NULL,NULL
Mercury#4,"2025-02-23 03:03:32","2025-02-23 03:10:42",430,NULL,NULL
Mercury#4,"2025-02-23 03:10:42","2025-02-23 03:11:11",29,NULL,NULL
Mercury#4,"2025-02-23 03:11:11","2025-02-23 03:11:35",24,NULL,NULL
Mercury#4,"2025-02-23 03:11:35","2025-02-23 03:11:44",9,NULL,NULL
Mercury#4,"2025-02-23 03:11:44","2025-02-23 03:11:52",8,NULL,NULL
Mercury#4,"2025-02-23 03:11:52","2025-02-23 03:11:54",2,NULL,NULL
Mercury#4,"2025-02-23 04:20:26","2025-02-23 04:20:27",1,NULL,NULL
Mercury#4,"2025-02-23 04:20:45","2025-02-23 04:21:58",73,NULL,NULL
Mercury#4,"2025-02-23 04:21:58","2025-02-23 04:22:25",27,NULL,NULL
Mercury#4,"2025-02-23 04:22:25","2025-02-23 04:25:51",206,NULL,NULL
Mercury#4,"2025-02-23 04:25:51","2025-02-23 04:26:00",9,NULL,NULL
Mercury#4,"2025-02-23 04:26:00","2025-02-23 04:27:19",79,NULL,NULL
Mercury#4,"2025-02-23 04:27:19","2025-02-23 04:27:21",2,NULL,NULL
Mercury#4,"2025-02-23 05:35:59","2025-02-23 05:35:59",0,NULL,NULL
Mercury#4,"2025-02-23 05:36:18","2025-02-23 05:39:59",221,NULL,NULL
Mercury#4,"2025-02-23 05:39:59","2025-02-23 05:40:26",27,NULL,NULL
Mercury#4,"2025-02-23 05:40:26","2025-02-23 06:02:32",1326,NULL,NULL
Mercury#4,"2025-02-23 06:02:32","2025-02-23 06:02:58",26,NULL,NULL
Mercury#4,"2025-02-23 06:02:58","2025-02-23 06:03:47",49,NULL,NULL
Mercury#4,"2025-02-23 06:03:47","2025-02-23 06:03:56",9,NULL,NULL
Mercury#4,"2025-02-23 06:03:56","2025-02-23 06:04:03",7,NULL,NULL
Mercury#4,"2025-02-23 06:04:03","2025-02-23 06:04:05",2,NULL,NULL
Mercury#4,"2025-02-23 07:21:11","2025-02-23 07:21:12",1,NULL,NULL
Mercury#4,"2025-02-23 07:21:30","2025-02-23 07:27:25",355,NULL,NULL
Mercury#4,"2025-02-23 07:27:25","2025-02-23 07:27:49",24,NULL,NULL
Mercury#4,"2025-02-23 07:27:49","2025-02-23 07:38:46",657,NULL,NULL
Mercury#4,"2025-02-23 07:38:46","2025-02-23 07:39:11",25,NULL,NULL
Mercury#4,"2025-02-23 07:39:11","2025-02-23 07:39:54",43,NULL,NULL
Mercury#4,"2025-02-23 07:39:54","2025-02-23 07:40:03",9,NULL,NULL
Mercury#4,"2025-02-23 07:40:03","2025-02-23 07:40:11",8,NULL,NULL
Mercury#4,"2025-02-23 07:40:11","2025-02-23 07:40:13",2,NULL,NULL
Mercury#4,"2025-02-23 08:21:08","2025-02-23 08:21:09",1,NULL,NULL
Mercury#4,"2025-02-23 08:21:28","2025-02-23 08:42:39",1271,NULL,NULL
Mercury#4,"2025-02-23 08:42:39","2025-02-23 08:43:05",26,NULL,NULL
Mercury#4,"2025-02-23 08:43:05","2025-02-23 08:45:50",165,NULL,NULL
Mercury#4,"2025-02-23 08:45:50","2025-02-23 08:46:41",51,NULL,NULL
Mercury#4,"2025-02-23 08:46:41","2025-02-23 08:46:52",11,NULL,NULL
Mercury#4,"2025-02-23 08:46:52","2025-02-23 08:47:01",9,NULL,NULL
Mercury#4,"2025-02-23 08:47:01","2025-02-23 08:47:08",7,NULL,NULL
Mercury#4,"2025-02-23 08:47:08","2025-02-23 08:47:10",2,NULL,NULL
Mercury#4,"2025-02-23 10:04:02","2025-02-23 10:04:03",1,NULL,NULL
Mercury#4,"2025-02-23 10:04:22","2025-02-23 10:27:50",1408,NULL,NULL
Mercury#4,"2025-02-23 10:27:50","2025-02-23 10:28:44",54,NULL,NULL
Mercury#4,"2025-02-23 10:28:44","2025-02-23 10:31:07",143,NULL,NULL
Mercury#4,"2025-02-23 10:31:07","2025-02-23 10:31:40",33,NULL,NULL
Mercury#4,"2025-02-23 10:31:40","2025-02-23 10:32:14",34,NULL,NULL
Mercury#4,"2025-02-23 10:32:14","2025-02-23 10:32:23",9,NULL,NULL
Mercury#4,"2025-02-23 10:32:23","2025-02-23 10:49:44",1041,NULL,NULL
Mercury#4,"2025-02-23 10:49:44","2025-02-23 10:49:46",2,NULL,NULL
Mercury#4,"2025-02-23 12:07:20","2025-02-23 12:07:20",0,NULL,NULL
Mercury#4,"2025-02-23 12:07:39","2025-02-23 12:48:43",2464,NULL,NULL
Mercury#4,"2025-02-23 12:48:43","2025-02-23 12:49:05",22,NULL,NULL
Mercury#4,"2025-02-23 12:49:05","2025-02-23 12:55:59",414,NULL,NULL
Mercury#4,"2025-02-23 12:55:59","2025-02-23 12:56:25",26,NULL,NULL
Mercury#4,"2025-02-23 12:56:25","2025-02-23 12:57:03",38,NULL,NULL
Mercury#4,"2025-02-23 12:57:03","2025-02-23 12:57:12",9,NULL,NULL
Mercury#4,"2025-02-23 12:57:12","2025-02-23 12:57:19",7,NULL,NULL
Mercury#4,"2025-02-23 12:57:19","2025-02-23 12:57:21",2,NULL,NULL
Mercury#4,"2025-02-23 13:54:59","2025-02-23 13:55:00",1,NULL,NULL
Mercury#4,"2025-02-23 13:55:19","2025-02-23 14:05:43",624,NULL,NULL
Mercury#4,"2025-02-23 14:05:43","2025-02-23 14:06:16",33,NULL,NULL
Mercury#4,"2025-02-23 14:06:16","2025-02-23 14:08:30",134,NULL,NULL
Mercury#4,"2025-02-23 14:08:30","2025-02-23 14:08:54",24,NULL,NULL
Mercury#4,"2025-02-23 14:08:54","2025-02-23 14:09:35",41,NULL,NULL
Mercury#4,"2025-02-23 14:09:35","2025-02-23 14:09:44",9,NULL,NULL
Mercury#4,"2025-02-23 14:09:44","2025-02-23 14:10:02",18,NULL,NULL
Mercury#4,"2025-02-23 14:10:02","2025-02-23 14:10:04",2,NULL,NULL
Mercury#4,"2025-02-23 15:27:25","2025-02-23 15:27:25",0,NULL,NULL
Mercury#4,"2025-02-23 15:27:44","2025-02-23 15:28:33",49,NULL,NULL
Mercury#4,"2025-02-23 15:28:33","2025-02-23 15:28:55",22,NULL,NULL
Mercury#4,"2025-02-23 15:28:55","2025-02-23 15:31:24",149,NULL,NULL
Mercury#4,"2025-02-23 15:31:24","2025-02-23 15:31:50",26,NULL,NULL
Mercury#4,"2025-02-23 15:31:50","2025-02-23 15:32:30",40,NULL,NULL
Mercury#4,"2025-02-23 15:32:30","2025-02-23 15:32:39",9,NULL,NULL
Mercury#4,"2025-02-23 15:32:39","2025-02-23 15:32:56",17,NULL,NULL
Mercury#4,"2025-02-23 15:32:56","2025-02-23 15:32:58",2,NULL,NULL
Mercury#4,"2025-02-23 16:41:53","2025-02-23 16:41:54",1,NULL,NULL
Mercury#4,"2025-02-23 16:42:13","2025-02-23 16:47:19",306,NULL,NULL
Mercury#4,"2025-02-23 16:47:19","2025-02-23 16:47:43",24,NULL,NULL
Mercury#4,"2025-02-23 16:47:43","2025-02-23 16:57:10",567,NULL,NULL
Mercury#4,"2025-02-23 16:57:10","2025-02-23 16:57:36",26,NULL,NULL
Mercury#4,"2025-02-23 16:57:36","2025-02-23 16:59:13",97,NULL,NULL
Mercury#4,"2025-02-23 16:59:13","2025-02-23 16:59:22",9,NULL,NULL
Mercury#4,"2025-02-23 16:59:22","2025-02-23 16:59:29",7,NULL,NULL
Mercury#4,"2025-02-23 16:59:29","2025-02-23 16:59:31",2,NULL,NULL
Mercury#4,"2025-02-23 17:51:41","2025-02-23 17:51:41",0,NULL,NULL
Mercury#4,"2025-02-23 17:52:00","2025-02-23 18:10:39",1119,NULL,NULL
Mercury#4,"2025-02-23 18:10:39","2025-02-23 18:11:08",29,NULL,NULL
Mercury#4,"2025-02-23 18:11:08","2025-02-23 18:13:48",160,NULL,NULL
Mercury#4,"2025-02-23 18:13:48","2025-02-23 18:14:11",23,NULL,NULL
Mercury#4,"2025-02-23 18:14:11","2025-02-23 18:14:48",37,NULL,NULL
Mercury#4,"2025-02-23 18:14:48","2025-02-23 18:14:57",9,NULL,NULL
Mercury#4,"2025-02-23 18:14:57","2025-02-23 18:15:04",7,NULL,NULL
Mercury#4,"2025-02-23 18:15:04","2025-02-23 18:15:06",2,NULL,NULL
Mercury#4,"2025-02-23 19:07:18","2025-02-23 19:07:19",1,NULL,NULL
Mercury#4,"2025-02-23 19:07:38","2025-02-23 19:16:39",541,NULL,NULL
Mercury#4,"2025-02-23 19:16:39","2025-02-23 19:17:03",24,NULL,NULL
Mercury#4,"2025-02-23 19:17:03","2025-02-23 19:18:27",84,NULL,NULL
Mercury#4,"2025-02-23 19:18:27","2025-02-23 19:18:52",25,NULL,NULL
Mercury#4,"2025-02-23 19:18:52","2025-02-23 19:20:06",74,NULL,NULL
Mercury#4,"2025-02-23 19:20:06","2025-02-23 19:20:33",27,NULL,NULL
Mercury#4,"2025-02-23 19:20:33","2025-02-23 19:21:34",61,NULL,NULL
Mercury#4,"2025-02-23 19:21:34","2025-02-23 19:21:42",8,NULL,NULL
Mercury#4,"2025-02-23 19:21:42","2025-02-23 19:21:52",10,NULL,NULL
Mercury#4,"2025-02-23 19:21:52","2025-02-23 19:21:54",2,NULL,NULL
Mercury#4,"2025-02-23 20:14:03","2025-02-23 20:14:03",0,NULL,NULL
Mercury#4,"2025-02-23 20:14:22","2025-02-23 20:19:57",335,NULL,NULL
Mercury#4,"2025-02-23 20:19:57","2025-02-23 20:20:06",9,NULL,NULL
Mercury#4,"2025-02-23 20:20:06","2025-02-23 20:20:17",11,NULL,NULL
Mercury#4,"2025-02-23 20:20:17","2025-02-23 20:20:19",2,NULL,NULL
Mercury#4,"2025-02-23 21:36:34","2025-02-23 21:36:34",0,NULL,NULL
Mercury#4,"2025-02-23 21:36:53","2025-02-23 21:49:43",770,NULL,NULL
Mercury#4,"2025-02-23 21:49:43","2025-02-23 21:50:33",50,NULL,NULL
Mercury#4,"2025-02-23 21:50:33","2025-02-23 21:51:04",31,NULL,NULL
Mercury#4,"2025-02-23 21:51:04","2025-02-23 21:51:13",9,NULL,NULL
Mercury#4,"2025-02-23 21:51:13","2025-02-23 21:51:21",8,NULL,NULL
Mercury#4,"2025-02-23 21:51:21","2025-02-23 21:51:23",2,NULL,NULL
Mercury#4,"2025-02-23 23:00:59","2025-02-23 23:00:59",0,NULL,NULL
Mercury#4,"2025-02-23 23:01:18","2025-02-23 23:05:56",278,NULL,NULL
Mercury#4,"2025-02-23 23:05:56","2025-02-23 23:06:05",9,NULL,NULL
Mercury#4,"2025-02-23 23:06:05","2025-02-23 23:06:20",15,NULL,NULL
Mercury#4,"2025-02-23 23:06:20","2025-02-23 23:06:22",2,NULL,NULL
Mercury#4,"2025-02-23 23:57:17","2025-02-23 23:57:18",1,NULL,NULL
Mercury#4,"2025-02-23 23:57:37","2025-02-24 00:01:23",226,NULL,NULL
